Frogs that are Extinct (4 EPBC species),,,,,
"Genus, species (subspecies, population)",Common Name,,,,
Rheobatrachus silus,Southern Gastric-brooding Frog,,,,
Rheobatrachus vitellinus,"Northern Gastric-brooding Frog, Eungella Gastric-brooding Frog",,,,
Taudactylus acutirostris,"Sharp-snouted Day Frog, Sharp-snouted Torrent Frog",,,,
Taudactylus diurnus,"Southern Day Frog, Mt Glorious Torrent Frog",,,,
Reptiles that are Extinct (1 EPBC species),,,,,
"Genus, species (subspecies, population)",Common Name,,,,
Emoia nativitatis,"Christmas Island Forest Skink, Christmas Island Whiptail-skink",,,,
Birds that are Extinct (22 EPBC species),,,,,
"Genus, species (subspecies, population)",Common Name,,,,
Aplonis fusca,Tasman Starling,,,,
Columba vitiensis godmanae,"Lord Howe White-throated Pigeon, White-throated Pigeon (Lord Howe Island)",,,,
Cyanoramphus novaezelandiae erythrotis,"Macquarie Island Red-fronted Parakeet, Red-crowned Parakeet (Macquarie Island)",,,,
Cyanoramphus novaezelandiae subflavescens,"Lord Howe Tasman Parakeet, Red-crowned Parakeet (Lord Howe Island)",,,,
Dasyornis broadbenti litoralis,"Rufous Bristlebird (western), South-western Rufous Bristlebird",,,,
Dromaius ater = Dromaius novaehollandiae minor,King Island Emu,,,,
Dromaius baudinianus = Dromaius novaehollandiae baudinianus,Kangaroo Island Emu,,,,
Dromaius novaehollandiae diemenensis,"Tasmanian Emu, Emu (Tasmanian)",,,,
Gerygone insularis,"Lord Howe Gerygone, Lord Howe Warbler",,,,
Hemiphaga novaeseelandiae spadicea,"New Zealand Pigeon (Norfolk Island race), Norfolk Island New Zealand Pigeon",,,,
Hypotaenidia philippensis macquariensis,"Macquarie Island Buff-banded Rail, Buff-banded Rail (Macquarie Island)",,,,
Lalage leucopyga leucopyga,Norfolk Island Long-tailed Triller,,,,
Lewinia pectoralis clelandi,"Western Australian Lewin's Rail, Lewin's Rail (western)",,,,
Nestor productus,Norfolk Island Kaka,,,,
Ninox novaeseelandiae albaria,"Lord Howe Southern Boobook, Lord Howe Boobook Owl",,,,
Porphyrio albus,White Gallinule,,,,
Psephotus pulcherrimus,Paradise Parrot,,,,
Rhipidura fuliginosa cervina,"Lord Howe Grey Fantail, Grey Fantail (Lord Howe Island)",,,,
Turdus poliocephalus poliocephalus,"Grey-headed Blackbird, Norfolk Island Thrush",,,,
Turdus poliocephalus vinitinctus,"Lord Howe Thrush, Vinous-tinted Thrush",,,,
Zosterops albogularis,"White-chested White-eye, Norfolk Island Silvereye",,,,
Zosterops strenuus,Robust White-eye,,,,
Mammals that are Extinct (39 EPBC species),,,,,
"Genus, species (subspecies, population)",Common Name,,,,
Bettongia anhydra,Desert Bettong,,,,
Bettongia gaimardi gaimardi,"Eastern Bettong (mainland), Eastern Rat-kangaroo",,,,
Bettongia lesueur graii,"Boodie (inland), Burrowing Bettong (inland)",,,,
Bettongia penicillata penicillata,"Brush-tailed Bettong (central and south-east), Brush-tailed Bettong (south-east mainland)",,,,
Bettongia pusilla,Nullarbor Dwarf Bettong,,,,
Caloprymnus campestris,Desert Rat-kangaroo,,,,
Chaeropus ecaudatus,"Pig-footed Bandicoot, Kanjilpa, Wilalya",,,,
Chaeropus yirratji,"Yirratji, Northern Pig-footed Bandicoot",,,,
Conilurus albipes,"White-footed Rabbit-rat, Parroo, White-footed Tree-rat",,,,
Conilurus capricornensis,Capricorn Rabbit-rat,,,,
Lagorchestes asomatus,"Kuluwarri, Central Hare-wallaby",,,,
Lagorchestes hirsutus hirsutus,"Rufous Hare-wallaby (south-western), Woorap",,,,
Lagorchestes leporides,Eastern Hare-wallaby,,,,
Lagostrophus fasciatus albipilis,Banded Hare-wallaby (mainland),,,,
Leporillus apicalis,"Lesser Stick-nest Rat,Tjooyalpi, White-tailed Stick-nest Rat",,,,
Macrotis leucura,"Yallara, Lesser Bilby, Djoonpi",,,,
Melomys rubicola,Bramble Cay Melomys,,,,
Notamacropus greyi,Toolache Wallaby,,,,
Notomys amplus,"Short-tailed Hopping-mouse, Yoontoo",,,,
Notomys longicaudatus,"Long-tailed Hopping-mouse, Koolawa, Talamba",,,,
Notomys macrotis,"Large-eared Hopping-mouse, Noompa, Big -eared Hopping-mouse",,,,
Notomys mordax,"Darling Downs Hopping-mouse, Payi",,,,
Notomys robustus,"Broad-cheeked Hopping-mouse, Great Hopping-mouse",,,,
Nyctophilus howensis,"Lord Howe Long-eared Bat, Lord Howe Island Bat",,,,
Onychogalea lunata,"Crescent Nailtail Wallaby, Tjawalpa, Wurrung",,,,
Perameles bougainville fasciata = Perameles fasciata,"Western Barred Bandicoot (eastern), Liverpool Plains Striped Bandicoot",,,,
Perameles eremiana,"Desert Bandicoot, Walilya",,,,
Perameles myosurus = Perameles myosuros,"Marl, Western Barred Bandicoot",,,,
Perameles notina,South-eastern Striped Bandicoot,,,,
Perameles papillon,"Butterfly Bandicoot, Nullarbor Barred Bandicoot",,,,
Pipistrellus murrayi,Christmas Island Pipistrelle,,,,
Potorous platyops,"Broad-faced Potoroo, Moda",,,,
Pseudomys auritus,Long-eared Mouse,,,,
Pseudomys glaucus,Blue-grey Mouse,,,,
Pseudomys gouldii,"Gould's Mouse, Koontin",,,,
Pteropus brunneus,"Percy Island Flying-fox, Dusky Fruit Bat",,,,
Rattus macleari,"Maclear's Rat, Christmas Island Rat",,,,
Rattus nativitatis,"Bulldog Rat, Christmas Island Burrowing Rat",,,,
Thylacinus cynocephalus,"Thylacine, Tasmanian Tiger",,,,
Other Animals that are Extinct (1 EPBC species),,,,,
"Genus, species (subspecies, population)",Common Name,,,,
Hypolimnus pedderensis,Lake Pedder Earthworm,,,,
Fishes that are Extinct in the wild (1 EPBC species),,,,,
"Genus, species (subspecies, population)",Common Name,,,,
Galaxias pedderensis,Pedder Galaxias,,,,
Fishes that are Critically Endangered (25 EPBC species),,,,,
"Genus, species (subspecies, population)",Common Name,,,,
Bidyanus bidyanus,"Silver Perch, Bidyan",,,,
Brachionichthys hirsutus,Spotted Handfish,,,,
Cairnsichthys bitaeniatus,Daintree Rainbowfish,,,,
Carcharias taurus (east coast population),Grey Nurse Shark (east coast population),,,,
Galaxias aequipinnis,East Gippsland Galaxias,,,,
Galaxias brevissimus,Short-tail Galaxias,,,,
Galaxias gunaikurnai,Shaw Galaxias,,,,
Galaxias lanceolatus,Tapered Galaxias,,,,
Galaxias longifundus,West Gippsland Galaxias,,,,
Galaxias mcdowalli,McDowall's Galaxias,,,,
Galaxias mungadhan,Dargo Galaxias,,,,
Galaxias rostratus,"Flathead Galaxias, Beaked Minnow, Flat-headed Galaxias, Flat-headed Jollytail, Flat-headed Minnow",,,,
Galaxias sp. nov. 'Hunter',"Hunter Galaxias, Hunter Upland Galaxias",,,,
Galaxias sp. nov. 'Moroka',Moroka Galaxias,,,,
Galaxias sp. nov. 'Morwell',Morwell Galaxias,,,,
Galaxias sp. nov. 'Yalmy',Yalmy Galaxias,,,,
Galaxias supremus,Kosciuszko Galaxias,,,,
Galaxias tantangara,Stocky Galaxias,,,,
Glyphis glyphis,Speartooth Shark,,,,
Hypseleotris gymnocephala,Bald Carp Gudgeon,,,,
Melanotaenia sp. nov. 'Malanda',Malanda Rainbowfish,,,,
Melanotaenia sp. nov. 'Running River',Running River Rainbowfish,,,,
Mogurnda thermophila,"Dalhousie Mogurnda, Dalhousie Purple-spotted Gudgeon",,,,
Stiphodon semoni,Opal Cling Goby,,,,
Thymichthys politus,Red Handfish,,,,
Frogs that are Critically Endangered (18 EPBC species),,,,,
"Genus, species (subspecies, population)",Common Name,,,,
Assa wollumbin,"Mount Wollumbin Hip-pocket Frog, Wollumbin Pouched Frog",,,,
Cophixalus concinnus,Elegant Frog,,,,
Cophixalus hosmeri,"Hosmer's Frog, Rattling Nursery-frog",,,,
Cophixalus mcdonaldi,"McDonald's Frog, Mt Elliot Nursery-frog",,,,
Cophixalus monticola,Mountain-top Nursery-frog,,,,
Cophixalus neglectus,"Neglected Frog, Bellenden Ker Nursery-frog",,,,
Geocrinia alba = Anstisia alba,"White-bellied Frog, Creek Frog",,,,
Litoria castanea,"Yellow-spotted Tree Frog, Yellow-spotted Bell Frog",,,,
Litoria kroombitensis,Kroombit Treefrog,,,,
Litoria lorica,Armoured Mist Frog,,,,
Litoria myola,Kuranda Tree Frog,,,,
Litoria nyakalensis,"Mountain Mist Frog, Nyakala Frog",,,,
Litoria spenceri,Spotted Tree Frog,,,,
Philoria frosti,Baw Baw Frog,,,,
Pseudophryne corroboree,Southern Corroboree Frog,,,,
Pseudophryne pengilleyi,Northern Corroboree Frog,,,,
Taudactylus pleione,"Kroombit Tinker Frog, Pleione's Torrent Frog",,,,
Taudactylus rheophilus,Tinkling Frog,,,,
Reptiles that are Critically Endangered (26 EPBC species),,,,,
"Genus, species (subspecies, population)",Common Name,,,,
Aipysurus apraefrontalis,"Short-nosed Sea Snake, Short-nosed Seasnake",,,,
Aipysurus foliosquama,"Leaf-scaled Sea Snake, Leaf-scaled Seasnake",,,,
Anilios insperatus,Fassifern Blind Snake,,,,
Austroablepharus barrylyoni,"Lyon's Grassland Striped Skink, Lyon's Snake-eyed Skink",,,,
Carinascincus palfreymani,"Pedra Branca Skink, Pedra Branca Cool-skink, Red-throated Skink",,,,
Cryptoblepharus egeriae,"Christmas Island Blue-tailed Skink, Blue-tailed Snake-eyed Skink",,,,
Ctenotus serotinus,Gravel Downs Ctenotus,,,,
Egernia roomi,"Kaputar Rock Skink, Mt Kaputar Rock Skink",,,,
Elseya albagula,"Southern Snapping Turtle, White-throated Snapping Turtle",,,,
Emydura subglobosa subglobosa,"Jardine River Turtle, Red-flushed River Turtle",,,,
Lampropholis elongata,Long Sunskink,,,,
Lepidodactylus listeri,"Christmas Island Gecko, Lister's Gecko",,,,
Nangura spinosa,Nangur Spiny Skink,,,,
Oedura lineata,Arcadia Velvet Gecko,,,,
Orraya occultus,"Long-necked Northern Leaf-tailed Gecko, McIlwraith Leaf-tailed Gecko",,,,
Phyllurus gulbaru,Gulbaru Gecko,,,,
Phyllurus kabikabi,Oakview Leaf-tailed Gecko,,,,
Phyllurus pinnaclensis,Pinnacles Leaf-tailed Gecko,,,,
Pseudemydura umbrina,Western Swamp Tortoise,,,,
Saltuarius eximius,Cape Melville Leaf-tail Gecko,,,,
Tiliqua scincoides intermedia,Northern Blue-tongued Skink,,,,
Tympanocryptis lineata,"Canberra Grassland Earless Dragon, Lined Earless Dragon",,,,
Tympanocryptis mccartneyi,Bathurst Grassland Earless Dragon,,,,
Tympanocryptis pinguicolla,Victorian Grassland Earless Dragon,,,,
Varanus mitchelli,Mitchell's Water Monitor,,,,
Wollumbinia georgesi = Myuchelys georgesi,"Georges' Snapping Turtle, Bellinger River Sawshell Turtle, Georges Helmeted Turtle",,,,
Birds that are Critically Endangered (16 EPBC species),,,,,
"Genus, species (subspecies, population)",Common Name,,,,
Acanthornis magna greeniana,"King Island Scrubtit, Scrubtit (King Island)",,,,
Amytornis modestus obscurior,"Grey Range Thick-billed Grasswren, Thick-billed Grasswren (north-west NSW)",,,,
Amytornis striatus striatus,"Mukarrthippi Grasswren, Striated Grasswren (sandplain)",,,,
Anthochaera phrygia,Regent Honeyeater,,,,
Calidris ferruginea,Curlew Sandpiper,,,,
Cinclosoma punctatum anachoreta,"Mt Lofty Ranges Spotted Quail-thrush, Spotted Quail-thrush (Mt Lofty Ranges)",,,,
Cyclopsitta diophthalma coxeni,Coxen's Fig-Parrot,,,,
Epthianura crocea macgregori,"Capricorn Yellow Chat, Yellow Chat (Dawson)",,,,
Lathamus discolor,Swift Parrot,,,,
Lichenostomus melanops cassidix,"Helmeted Honeyeater, Yellow-tufted Honeyeater (Helmeted)",,,,
Melanodryas cucullata melvillensis,"Tiwi Islands Hooded Robin, Hooded Robin (Tiwi Islands)",,,,
Neophema chrysogaster,Orange-bellied Parrot,,,,
Numenius madagascariensis,"Eastern Curlew, Far Eastern Curlew",,,,
Pedionomus torquatus,Plains-wanderer,,,,
Pezoporus flaviventris,"Western Ground Parrot, Kyloring",,,,
Pterodroma heraldica,Herald Petrel,,,,
Mammals that are Critically Endangered (9 EPBC species),,,,,
"Genus, species (subspecies, population)",Common Name,,,,
Crocidura trichura,Christmas Island Shrew,,,,
Gymnobelideus leadbeateri,Leadbeater's Possum,,,,
Lasiorhinus krefftii,"Northern Hairy-nosed Wombat, Yaminon",,,,
Miniopterus orianae bassanii,Southern Bent-wing Bat,,,,
Petrogale concinna concinna,Nabarlek (Victoria River District),,,,
Potorous gilbertii,"Gilbert's Potoroo, Ngilkat",,,,
Pseudocheirus occidentalis,"Western Ringtail Possum, Ngwayir, Womp, Woder, Ngoor, Ngoolangit",,,,
Pteropus natalis,"Christmas Island Flying-fox, Christmas Island Fruit-bat",,,,
Zyzomys pedunculatus,"Central Rock-rat, Antina",,,,
Other Animals that are Critically Endangered (42 EPBC species),,,,,
"Genus, species (subspecies, population)",Common Name,,,,
Adclarkia dawsonensis,"Boggomoss Snail, Dawson River Snail, Dawson Valley Snail",,,,
Advena campbellii,Campbell's Keeled Glass-snail,,,,
Ammoniropa vigens,Ammonite Pinwheel Snail,,,,
Argynnis hyperbius inconstans,Australian Fritillary,,,,
Cherax tenuimanus,"Hairy Marron, Margaret River Hairy Marron, Margaret River Marron",,,,
Cormodes darwini,a beetle,,,,
Dryococelus australis,"Lord Howe Island Phasmid, Land Lobster",,,,
Engaewa pseudoreducta,Margaret River Burrowing Crayfish,,,,
Engaewa reducta,Dunsborough Burrowing Crayfish,,,,
Euastacus bindal,Mt Elliot Crayfish,,,,
Euastacus binzayedi,Embezee's Crayfish,,,,
Euastacus dalagarbe,Mud Gully Crayfish,,,,
Euastacus dharawalus,Fitzroy Falls Spiny Crayfish,,,,
Euastacus guwinus,Tianjara Crayfish,,,,
Euastacus jagabar,Blue-black Crayfish,,,,
Euastacus jagara,Jagara Hairy Crayfish,,,,
Euastacus maidae,"Hinterland Spiny Crayfish, Hinterland Crayfish",,,,
Euastacus morgani,Morgan's Crayfish,,,,
Euastacus vesper,Cudgegong Giant Spiny Crayfish,,,,
Gudeoconcha sophiae magnifica,Magnificent Helicarionid Land Snail,,,,
Hesperocolletes douglasi,"Douglas' Broad-headed Bee, Rottnest Bee",,,,
Hoplogonus bornemisszai,Bornemissza's Stag Beetle,,,,
Hypochrysops piceatus,Bulloak Jewel Butterfly,,,,
Hyridella glenelgensis,Glenelg Freshwater Mussel,,,,
Leioproctus douglasiellus,a short-tongued bee,,,,
Marginaster littoralis,Derwent River Seastar,,,,
Mathewsoconcha grayi ms,Gray's Helicarionid Land Snail,,,,
Mathewsoconcha phillipii,Phillip Island Helicarionid Land Snail,,,,
Mathewsoconcha suteri,Suter's Striped Glass-snail,,,,
Micropathus kiernani,"Francistown Cave Cricket, Southern sandstone cave cricket",,,,
Mystivagor mastersi,Masters' Charopid Land Snail,,,,
Neopasiphae simplicior,A native bee,,,,
Ogyris subterrestris petrina,Arid Bronze Azure,,,,
Ordtrachia septentrionalis,Rosewood Keeled Snail,,,,
Pericryptodrilus nanus,Lord Howe Earthworm,,,,
Promethis sterrha,a beetle,,,,
Pseudocharopa ledgbirdi,Mount Lidgbird Charopid Land Snail,,,,
Pseudocharopa whiteleggei,Whitelegge's Land Snail,,,,
Pseudococcus markharveyi,Banksia montana mealybug,,,,
Quintalia stoddartii,Stoddart's Helicarionid Land Snail,,,,
Thersites mitchellae,Mitchell's Rainforest Snail,,,,
Zephyrarchaea austini,Kangaroo Island Assassin Spider,,,,
Fishes that are Endangered (26 EPBC species),,,,,
"Genus, species (subspecies, population)",Common Name,,,,
Cairnsichthys rhombosomoides,"Cairns Rainbowfish, Northern Soft-spined Sunfish",,,,
Chlamydogobius micropterus,Elizabeth Springs Goby,,,,
Craterocephalus fluviatilis,Murray Hardyhead,,,,
Galaxias auratus,Golden Galaxias,,,,
Galaxias fontanus,Swan Galaxias,,,,
Galaxias fuscus,Barred Galaxias,,,,
Galaxias johnstoni,Clarence Galaxias,,,,
Galaxias terenasus,Roundsnout Galaxias,,,,
Galaxias truttaceus (Western Australian population),Western Trout Minnow,,,,
Galaxiella nigrostriata,"Blackstriped Dwarf Galaxias, Black-stripe Minnow",,,,
Galaxiella pusilla,"Eastern Dwarf Galaxias, Dwarf Galaxias",,,,
Glyphis garricki,"Northern River Shark, New Guinea River Shark",,,,
Hippocampus whitei,"White's Seahorse, Crowned Seahorse, Sydney Seahorse",,,,
Maccullochella ikei,"Clarence River Cod, Eastern Freshwater Cod",,,,
Maccullochella macquariensis,Trout Cod,,,,
Maccullochella mariensis,Mary River Cod,,,,
Macquaria australasica,Macquarie Perch,,,,
Melanotaenia eachamensis,Lake Eacham Rainbowfish,,,,
Mordacia praecox,"Non-parasitic Lamprey, Precocious Lamprey",,,,
Nannoperca obscura,Yarra Pygmy Perch,,,,
Nannoperca oxleyana,Oxleyan Pygmy Perch,,,,
Nannoperca pygmaea,Little Pygmy Perch,,,,
Paragalaxias mesotes,Arthurs Paragalaxias,,,,
Pseudomugil mellis,"Honey Blue Eye, Honey Blue-eye",,,,
Scaturiginichthys vermeilipinnis,"Redfin Blue Eye, Redfin Blue-eye",,,,
Zearaja maugeana,"Maugean Skate, Port Davey Skate",,,,
Frogs that are Endangered (11 EPBC species),,,,,
"Genus, species (subspecies, population)",Common Name,,,,
Cophixalus aenigma,Tapping Nursery-frog,,,,
Crinia sloanei,Sloane's Froglet,,,,
Litoria booroolongensis,Booroolong Frog,,,,
Litoria littlejohni,"Northern Heath Frog, Littlejohn's Tree Frog",,,,
Litoria watsoni,"Southern Heath Frog, Watson's Tree Frog",,,,
Mixophyes fleayi,Fleay's Frog,,,,
Philoria kundagungan,Mountain Frog,,,,
Philoria richmondensis,Richmond Range Sphagnum Frog,,,,
Taudactylus eungellensis,Eungella Day Frog,,,,
Uperoleia mahonyi,Mahony's Toadlet,,,,
Uperoleia martini,Martin's Toadlet,,,,
Reptiles that are Endangered (32 EPBC species),,,,,
"Genus, species (subspecies, population)",Common Name,,,,
Bellatorias obiri,Arnhem Land Egernia,,,,
Caretta caretta,Loggerhead Turtle,,,,
Carinascincus greeni,"Alpine Cool-skink, Northern Snow Skink",,,,
Carinascincus microlepidotus,"Boulder Cool-skink, Southern Snow Skink",,,,
Carinascincus orocryptus,"Heath Cool-skink, Mountain Skink",,,,
Cryptoblepharus gurrmul,Arafura Snake-eyed Skink,,,,
Cyclodomorphus praealtus,Alpine She-oak Skink,,,,
Cyrtodactylus sadleiri,Christmas Island Giant Gecko,,,,
Dermochelys coriacea,"Leatherback Turtle, Leathery Turtle, Luth",,,,
Egernia stokesii badia,"Western Spiny-tailed Skink, Baudin Island Spiny-tailed Skink",,,,
Elseya lavarackorum,Gulf Snapping Turtle,,,,
Elusor macrurus,"Mary River Turtle, Mary River Tortoise",,,,
Eulamprus leuraensis,Blue Mountains Water Skink,,,,
Eulamprus tympanum marnieae,"Corangamite Water Skink, Dreeite Water Skink",,,,
Hemiaspis damelii,Grey Snake,,,,
Hoplocephalus bungaroides,Broad-headed Snake,,,,
Lepidochelys olivacea,"Olive Ridley Turtle, Pacific Ridley Turtle",,,,
Lerista allanae,"Allan's Lerista, Retro Slider",,,,
Lerista nevinae,Nevin's Slider,,,,
Liopholis guthega,Guthega Skink,,,,
Liopholis montana,Mountain Skink,,,,
Liopholis slateri slateri,"Slater's Skink, Floodplain Skink",,,,
Lissolepis coventryi,"Swamp Skink, Eastern Mourning Skink",,,,
Lucasium occultum,"Yellow-snouted Gecko, Yellow-snouted Ground Gecko",,,,
Myuchelys belli,Western Sawshelled Turtle,,,,
Myuchelys purvisi,Purvis' Turtle,,,,
Pseudemoia cryodroma,"Alpine Bog Skink, Alpine Bog-skink",,,,
Saltuarius kateae,Kate's Leaf-tail Gecko,,,,
Tiliqua adelaidensis,"Pygmy Blue-tongue Lizard, Adelaide Blue-tongue Lizard",,,,
Tympanocryptis condaminensis,Condamine Earless Dragon,,,,
Tympanocryptis osbornei,Monaro Grassland Earless Dragon,,,,
Varanus mertensi,"Mertens' Water Monitor, Mertens's Water Monitor",,,,
Birds that are Endangered (71 EPBC species),,,,,
"Genus, species (subspecies, population)",Common Name,,,,
Acanthiza pusilla magnirostris,"King Island Brown Thornbill, Brown Thornbill (King Island)",,,,
Accipiter hiogaster natalis,Christmas Island Goshawk,,,,
Amytornis barbatus barbatus,"Bulloo Grey Grasswren, Grey Grasswren (Bulloo)",,,,
Amytornis dorotheae,Carpentarian Grasswren,,,,
Amytornis merrotsyi pedleri,"Gawler Ranges Short-tailed Grasswren, Short-tailed Grasswren (Gawler Ranges)",,,,
Amytornis striatus howei,"Murray Mallee Striated Grasswren, Striated Grasswren (sandplain)",,,,
Aquila audax fleayi,"Tasmanian Wedge-tailed Eagle, Wedge-tailed Eagle (Tasmanian)",,,,
Atrichornis clamosus,"Noisy Scrub-bird, Tjimiluk",,,,
Atrichornis rufescens,Rufous Scrub-bird,,,,
Botaurus poiciloptilus,Australasian Bittern,,,,
Calamanthus pyrrhopygius parkeri = Hylacola pyrrhopygia parkeri,Chestnut-rumped Heathwren (Mt Lofty Ranges),,,,
Callocephalon fimbriatum,Gang-gang Cockatoo,,,,
Calyptorhynchus banksii graptogyne,South-eastern Red-tailed Black-Cockatoo,,,,
Calyptorhynchus baudinii = Zanda baudinii,"Baudin's Cockatoo, Long-billed Black-Cockatoo",,,,
Calyptorhynchus lathami halmaturinus,"Kangaroo Island Glossy Black-Cockatoo, Glossy Black-Cockatoo (South Australian)",,,,
Calyptorhynchus latirostris = Zanda latirostris,"Carnaby's Cockatoo, Short-billed Black-Cockatoo",,,,
Casuarius casuarius johnsonii,"Southern Cassowary, Australian Cassowary, Double-wattled Cassowary",,,,
Ceyx azureus diemenensis,Tasmanian Azure Kingfisher,,,,
Chalcophaps indica natalis,"Christmas Island Emerald Dove, Emerald Dove (Christmas Island)",,,,
Charadrius mongolus,"Lesser Sand Plover, Mongolian Plover",,,,
Cyanoramphus cookii,"Norfolk Island Green Parrot, Tasman Parakeet, Norfolk Island Parakeet",,,,
Dasyornis brachypterus,Eastern Bristlebird,,,,
Dasyornis longirostris,Western Bristlebird,,,,
Diomedea amsterdamensis,Amsterdam Albatross,,,,
Diomedea dabbenena,Tristan Albatross,,,,
Diomedea sanfordi,Northern Royal Albatross,,,,
Epthianura crocea tunneyi,"Alligator Rivers Yellow Chat, Yellow Chat (Alligator Rivers)",,,,
Erythrotriorchis radiatus,Red Goshawk,,,,
Erythrura gouldiae,Gouldian Finch,,,,
Fregata andrewsi,"Christmas Island Frigatebird, Andrew's Frigatebird",,,,
Hypotaenidia philippensis andrewsi,"Buff-banded Rail (Cocos (Keeling) Islands), Ayam Hutan",,,,
Hypotaenidia sylvestris,Lord Howe Woodhen,,,,
Limosa lapponica baueri,"Nunivak Bar-tailed Godwit, Western Alaskan Bar-tailed Godwit",,,,
Limosa lapponica menzbieri,"Northern Siberian Bar-tailed Godwit, Russkoye Bar-tailed Godwit",,,,
Limosa limosa,Black-tailed Godwit,,,,
Lophochroa leadbeateri leadbeateri,"Major Mitchell's Cockatoo (eastern), Eastern Major Mitchell's Cockatoo, Pink Cockatoo (eastern)",,,,
Macronectes giganteus,"Southern Giant-Petrel, Southern Giant Petrel",,,,
Malurus coronatus coronatus,Purple-crowned Fairy-wren (western),,,,
Manorina melanotis,Black-eared Miner,,,,
Melanodryas cucullata cucullata,"South-eastern Hooded Robin, Hooded Robin (south-eastern)",,,,
Melithreptus brevirostris magnirostris,Kangaroo Island Brown-headed Honeyeater,,,,
Neochmia ruficauda ruficauda,"Star Finch (eastern), Star Finch (southern)",,,,
Nesoptilotis leucotis thomasi,Kangaroo Island White-eared Honeyeater,,,,
Ninox novaeseelandiae undulata,"Norfolk Island Boobook, Norfolk Island Morepork, Southern Boobook (Norfolk Island)",,,,
Papasula abbotti,Abbott's Booby,,,,
Pardalotus quadragintus,Forty-spotted Pardalote,,,,
Pezoporus occidentalis,Night Parrot,,,,
Phaethon lepturus fulvus,"Christmas Island White-tailed Tropicbird, Golden Bosunbird",,,,
Phaethon rubricauda westralis,"Red-tailed Tropicbird (Indian Ocean), Indian Ocean Red-tailed Tropicbird",,,,
Poephila cincta cincta,Southern Black-throated Finch,,,,
Psephotus chrysopterygius,"Golden-shouldered Parrot, Alwal, Thaku, Arrmorral, Minpin",,,,
Psophodes leucogaster leucogaster,Mallee Whipbird,,,,
Psophodes nigrogularis lashmari = Psophodes leucogaster lashmari,Western Whipbird (Kangaroo Island),,,,
Psophodes nigrogularis nigrogularis,Western Heath Whipbird,,,,
Pterodroma leucoptera leucoptera,"Gould's Petrel, Australian Gould's Petrel",,,,
Rostratula australis,Australian Painted Snipe,,,,
Stagonopleura bella samueli,"Western Beautiful Firetail, Beautiful Firetail (Mt Lofty Range and Kangaroo Island)",,,,
Sterna vittata bethunei,"New Zealand Antarctic Tern, Antarctic Tern (New Zealand)",,,,
Stipiturus malachurus halmaturinus,Kangaroo Island Southern Emu-wren,,,,
Stipiturus malachurus intermedius,"Fleurieu Peninsula Southern Emu-wren, Mount Lofty Southern Emu-wren",,,,
Stipiturus malachurus parimeda,"Southern Emu-wren (Eyre Peninsula), Eyre Peninsula Southern Emu-wren",,,,
Stipiturus mallee,Mallee Emu-wren,,,,
Thalassarche cauta,Shy Albatross,,,,
Thalassarche chrysostoma,Grey-headed Albatross,,,,
Thalassarche eremita,Chatham Albatross,,,,
Tringa nebularia,"Common Greenshank, Greenshank",,,,
Turdus poliocephalus erythropleurus,Christmas Island Thrush,,,,
Turnix olivii,Buff-breasted Button-quail,,,,
Turnix varius scintillans,Painted Button-quail (Houtman Abrolhos),,,,
Tyto novaehollandiae melvillensis,"Tiwi Masked Owl, Tiwi Islands Masked Owl",,,,
Zoothera lunulata halmaturina,"South Australian Bassian Thrush, Western Bassian Thrush",,,,
Mammals that are Endangered (46 EPBC species),,,,,
"Genus, species (subspecies, population)",Common Name,,,,
Antechinus argentus,Silver-headed Antechinus,,,,
Antechinus arktos,Black-tailed Antechinus,,,,
Arctocephalus tropicalis,Subantarctic Fur-seal,,,,
Balaenoptera musculus,Blue Whale,,,,
Bettongia penicillata ogilbyi,Woylie,,,,
Bettongia tropica,Northern Bettong,,,,
Burramys parvus,Mountain Pygmy-possum,,,,
Chalinolobus dwyeri,"Large-eared Pied Bat, Large Pied Bat",,,,
Dasyuroides byrnei,"Kowari, brushy-tailed marsupial rat, Byrne's crest-tailed marsupial rat",,,,
Dasyurus hallucatus,"Northern Quoll, Digul [Gogo-Yimidir], Wijingadda [Dambimangari], Wiminji [Martu]",,,,
Dasyurus maculatus gracilis,"Spotted-tailed Quoll (North Queensland), Yarri",,,,
Dasyurus maculatus maculatus (SE mainland population),"Spot-tailed Quoll, Spotted-tail Quoll, Tiger Quoll (southeastern mainland population)",,,,
Dasyurus viverrinus,"Eastern Quoll, Luaner",,,,
Eubalaena australis,Southern Right Whale,,,,
Hipposideros inornatus,Arnhem Leaf-nosed Bat,,,,
Isoodon obesulus obesulus,"Southern Brown Bandicoot (eastern), Southern Brown Bandicoot (south-eastern)",,,,
Lagorchestes hirsutus Central Australian subspecies,"Mala, Rufous Hare-Wallaby (Central Australia)",,,,
Mastacomys fuscus mordicus,"Broad-toothed Rat (mainland), Tooarrana",,,,
Mesembriomys gouldii gouldii,"Black-footed Tree-rat (Kimberley and mainland Northern Territory), Djintamoonga, Manbul",,,,
Myrmecobius fasciatus,Numbat,,,,
Neophoca cinerea,"Australian Sea-lion, Australian Sea Lion",,,,
Notomys aquilo,"Northern Hopping-mouse, Woorrentinta",,,,
Onychogalea fraenata,"Bridled Nail-tail Wallaby, Bridled Nailtail Wallaby",,,,
Parantechinus apicalis,Dibbler,,,,
Perameles bougainville,Shark Bay Bandicoot,,,,
Perameles gunnii Victorian subspecies,Eastern Barred Bandicoot (Mainland),,,,
Petauroides volans,Greater Glider (southern and central),,,,
Petaurus australis Wet Tropics subspecies = Petaurus australis brevirostrum,"Yellow-bellied Glider (Wet Tropics), Fluffy Glider",,,,
Petaurus gracilis,Mahogany Glider,,,,
Petrogale coenensis,Cape York Rock-wallaby,,,,
Petrogale concinna canescens,Nabarlek (Top End),,,,
Petrogale concinna monastria,Nabarlek (Kimberley),,,,
Petrogale lateralis kimberleyensis,"Wiliji, West Kimberley Rock-wallaby",,,,
Petrogale lateralis lateralis,"Black-flanked Rock-wallaby, Moororong, Black-footed Rock Wallaby",,,,
Petrogale persephone,Proserpine Rock-wallaby,,,,
"Phascolarctos cinereus (combined populations of Qld, NSW and the ACT)","Koala (combined populations of Queensland, New South Wales and the Australian Capital Territory)",,,,
Potorous longipes,Long-footed Potoroo,,,,
Pseudomys fumeus,"Smoky Mouse, Konoom",,,,
Pseudomys oralis,"Hastings River Mouse, Koontoo",,,,
Pseudomys shortridgei,"Heath Mouse, Dayang, Heath Rat",,,,
Pteropus conspicillatus,Spectacled Flying-fox,,,,
Sarcophilus harrisii,Tasmanian Devil,,,,
Sminthopsis fuliginosa aitkeni,Kangaroo Island Dunnart,,,,
Sminthopsis psammophila,Sandhill Dunnart,,,,
Tachyglossus aculeatus multiaculeatus,Kangaroo Island Echidna,,,,
Zyzomys palatalis,"Carpentarian Rock-rat, Aywalirroomoo",,,,
Other Animals that are Endangered (42 EPBC species),,,,,
"Genus, species (subspecies, population)",Common Name,,,,
Adclarkia cameroni,Brigalow Woodland Snail,,,,
Adclarkia dulacca,Dulacca Woodland Snail,,,,
Antipodia chaostola leucophaea,"Tasmanian Chaostola Skipper, Heath-sand Skipper",,,,
Austrocordulia leonardi,Sydney Hawk Dragonfly,,,,
Bertmainius tingle,Tingle Pygmy Trapdoor Spider,,,,
Dendronephthya australis,Cauliflower Soft Coral,,,,
Engaeus granulatus,Central North Burrowing Crayfish,,,,
Engaeus martigener,Furneaux Burrowing Crayfish,,,,
Engaeus spinicaudatus,Scottsdale Burrowing Crayfish,,,,
Engaewa walpolea,Walpole Burrowing Crayfish,,,,
Euastacus bidawalus,"Bidhawal Crayfish, Bidawal Crayfish, East Gippsland Spiny Crayfish",,,,
Euastacus bispinosus,"Glenelg Spiny Freshwater Crayfish, Pricklyback",,,,
Euastacus clarkae,"Ellen Clark's Crayfish, Clark's Crayfish",,,,
Euastacus diversus,Orbost Spiny Crayfish,,,,
Euastacus eungella,Eungella Spiny Crayfish,,,,
Euastacus gamilaroi,"Gamilaroi Crayfish, Gamilaroi Spiny Crayfish, Hanging Rock Crayfish",,,,
Euastacus girurmulayn,Smooth Crayfish,,,,
Euastacus gumar,"Bloodclaw Crayfish, Blood Crayfish",,,,
Euastacus monteithorum,"Monteith's Crayfish, Monteith's Spiny Crayfish",,,,
Euastacus polysetosus,Many-bristled Crayfish,,,,
Euastacus rieki,Riek's Crayfish,,,,
Euastacus robertsi,"Robert's Crayfish, Robert's Spiny Crayfish",,,,
Euastacus simplex,"Simple Crayfish, Small Mountain Crayfish",,,,
Euastacus sp. 1 coughrani (McCormack & Fetzner),"Coughran's Crayfish, Arte Spiny Crayfish",,,,
Euastacus spinichelatus,Small Crayfish,,,,
Euastacus suttoni,Sutton's Crayfish,,,,
Keyacris scurra,Key's Matchstick Grasshopper,,,,
Leucopatus anophthalmus,Blind Velvet Worm,,,,
Lissotes latidens,"Broad-toothed Stag Beetle, Wielangta Stag Beetle",,,,
Meridolum maryae,"Maroubra Woodland Snail, Maroubra Land Snail",,,,
Mesodontrachia fitzroyana,Fitzroy Land Snail,,,,
Moggridgea rainbowi,Kangaroo Island Micro-trapdoor Spider,,,,
Oreixenica ptunarra,"Ptunarra Brown, Ptunarra Brown Butterfly, Ptunarra Xenica",,,,
Paralucia pyrodiscus lucida,Eltham Copper Butterfly,,,,
Phyllodes imperialis smithersi,Pink Underwing Moth,,,,
Placostylus bivaricosus,"Lord Howe Flax Snail, Lord Howe Placostylus",,,,
Pommerhelix duralensis,Dural Land Snail,,,,
Semotrachia euzyga,a land snail,,,,
Sinumelon bednalli,Bednall's Land Snail,,,,
Thaumatoperla alpina,Alpine Stonefly,,,,
Trioza barrettae,Banksia brownii plant louse,,,,
Trisyntopa scatophaga,Antbed Parrot Moth,,,,
Fishes that are Vulnerable (22 EPBC species),,,,,
"Genus, species (subspecies, population)",Common Name,,,,
Brachiopsilus ziebelli,"Ziebell's Handfish, Waterfall Bay Handfish",,,,
Carcharias taurus (west coast population),Grey Nurse Shark (west coast population),,,,
Carcharodon carcharias,"White Shark, Great White Shark",,,,
Chlamydogobius squamigenus,Edgbaston Goby,,,,
Epinephelus daemelii,"Black Rockcod, Black Cod, Saddled Rockcod",,,,
Galaxias parvus,Swamp Galaxias,,,,
Galaxias tanycephalus,Saddled Galaxias,,,,
Maccullochella peelii,Murray Cod,,,,
Milyeringa veritas,"Cape Range Cave Gudgeon, Blind Gudgeon",,,,
Mogurnda clivicola,"Flinders Ranges Mogurnda, Flinders Ranges Purple-spotted Gudgeon",,,,
Nannatherina balstoni,Balston's Pygmy Perch,,,,
Nannoperca australis Murray-Darling Basin lineage,Southern Pygmy Perch (Murray-Darling Basin lineage),,,,
Nannoperca variegata,"Variegated Pygmy Perch, Ewens Pygmy Perch, Golden Pygmy Perch",,,,
Neoceratodus forsteri,"Australian Lungfish, Queensland Lungfish",,,,
Ophisternon candidum,Blind Cave Eel,,,,
Paragalaxias dissimilis,Shannon Paragalaxias,,,,
Paragalaxias eleotroides,Great Lake Paragalaxias,,,,
Pristis clavata,"Dwarf Sawfish, Queensland Sawfish",,,,
Pristis pristis,"Freshwater Sawfish, Largetooth Sawfish, River Sawfish, Leichhardt's Sawfish, Northern Sawfish",,,,
Pristis zijsron,"Green Sawfish, Dindagubba, Narrowsnout Sawfish",,,,
Prototroctes maraena,Australian Grayling,,,,
Rhincodon typus,Whale Shark,,,,
Frogs that are Vulnerable (17 EPBC species),,,,,
"Genus, species (subspecies, population)",Common Name,,,,
Assa darlingtoni,Pouched Frog,,,,
Geocrinia vitellina = Anstisia vitellina,Orange-bellied Frog,,,,
Heleioporus australiacus,Giant Burrowing Frog,,,,
Litoria aurea,Green and Golden Bell Frog,,,,
Litoria daviesae,Davies' Tree Frog,,,,
Litoria dayi,"Australian Lace-lid, Lace-eyed Tree Frog, Day's Big-eyed Treefrog",,,,
Litoria olongburensis,Wallum Sedge Frog,,,,
Litoria piperata,Peppered Tree Frog,,,,
Litoria raniformis,"Southern Bell Frog,, Growling Grass Frog, Green and Golden Frog, Warty Swamp Frog, Golden Bell Frog",,,,
Litoria subglandulosa,"New England Tree Frog, Glandular Frog",,,,
Litoria verreauxii alpina,"Alpine Tree Frog, Verreaux's Alpine Tree Frog",,,,
Mixophyes balbus,"Stuttering Frog, Southern Barred Frog (in Victoria)",,,,
Mixophyes iteratus,"Giant Barred Frog, Southern Barred Frog",,,,
Philoria sphagnicola,Sphagnum Frog,,,,
Pseudophryne covacevichae,Magnificent Brood Frog,,,,
Spicospina flammocaerulea,Sunset Frog,,,,
Uperoleia daviesae,"Howard River Toadlet, Davies's Toadlet",,,,
Reptiles that are Vulnerable (29 EPBC species),,,,,
"Genus, species (subspecies, population)",Common Name,,,,
Acanthophis hawkei,Plains Death Adder,,,,
Anomalopus mackayi,"Five-clawed Worm-skink, Long-legged Worm-skink",,,,
Aprasia parapulchella,"Pink-tailed Worm-lizard, Pink-tailed Legless Lizard",,,,
Aprasia pseudopulchella,Flinders Ranges Worm-lizard,,,,
Chelonia mydas,Green Turtle,,,,
Christinus guentheri,"Lord Howe Island Gecko, Lord Howe Island Southern Gecko",,,,
Coeranoscincus reticulatus,Three-toed Snake-tooth Skink,,,,
Ctenophorus yinnietharra,Yinnietharra Rock-Dragon,,,,
Ctenotus lancelini,Lancelin Island Skink,,,,
Ctenotus zastictus,Hamelin Ctenotus,,,,
Delma impar,"Striped Legless Lizard, Striped Snake-lizard",,,,
Delma mitella,"Atherton Delma, Legless Lizard",,,,
Delma torquata,"Adorned Delma, Collared Delma",,,,
Denisonia maculata,Ornamental Snake,,,,
Egernia rugosa,Yakka Skink,,,,
Eretmochelys imbricata,Hawksbill Turtle,,,,
Furina dunmalli,Dunmall's Snake,,,,
Harrisoniascincus zia,Rainforest Cool-skink,,,,
Lerista vittata,"Mount Cooper Striped Skink, Mount Cooper Striped Lerista",,,,
Liasis olivaceus barroni,Pilbara Olive Python,,,,
Liopholis kintorei,"Great Desert Skink, Tjakura, Warrarna, Mulyamiji, Tjalapa, Nampu",,,,
Liopholis pulchra longicauda,"Jurien Bay Skink, Jurien Bay Rock-skink",,,,
Natator depressus,Flatback Turtle,,,,
Notechis scutatus ater,Krefft's Tiger Snake (Flinders Ranges),,,,
Oligosoma lichenigerum,Lord Howe Island Skink,,,,
Ophidiocephalus taeniatus,Bronzeback Snake-lizard,,,,
Ramphotyphlops exocoeti,"Christmas Island Blind Snake, Christmas Island Pink Blind Snake",,,,
Rheodytes leukops,"Fitzroy River Turtle, Fitzroy Tortoise, Fitzroy Turtle, White-eyed River Diver",,,,
Uvidicolus sphyrurus,"Border Thick-tailed Gecko, Granite Belt Thick-tailed Gecko",,,,
Birds that are Vulnerable (76 EPBC species),,,,,
"Genus, species (subspecies, population)",Common Name,,,,
Acanthiza iredalei rosinae,Slender-billed Thornbill (Gulf St Vincent),,,,
Acanthiza lineata whitei,Kangaroo Island Striated Thornbill,,,,
Amytornis merrotsyi merrotsyi,Short-tailed Grasswren (Flinders Ranges),,,,
Amytornis modestus,Thick-billed Grasswren,,,,
Amytornis textilis myall,Western Grasswren (Gawler Ranges),,,,
Amytornis woodwardi,"White-throated Grasswren, Yirlinkirrkirr",,,,
Anous tenuirostris melanops,Australian Lesser Noddy,,,,
Anthochaera chrysoptera halmaturina,Kangaroo Island Little Wattlebird,,,,
Aphelocephala leucopsis,Southern Whiteface,,,,
Ardenna grisea,Sooty Shearwater,,,,
Arenaria interpres,Ruddy Turnstone,,,,
Calidris acuminata,Sharp-tailed Sandpiper,,,,
Calidris canutus,"Red Knot, Knot",,,,
Calidris tenuirostris,Great Knot,,,,
Calyptorhynchus banksii naso,"Forest Red-tailed Black-Cockatoo, Karrak",,,,
Calyptorhynchus lathami lathami,South-eastern Glossy Black-Cockatoo,,,,
Cereopsis novaehollandiae grisea,"Cape Barren Goose (south-western), Recherche Cape Barren Goose",,,,
Charadrius leschenaultii,"Greater Sand Plover, Large Sand Plover",,,,
Climacteris picumnus victoriae,Brown Treecreeper (south-eastern),,,,
Diomedea antipodensis,Antipodean Albatross,,,,
Diomedea antipodensis gibsoni,Gibson's Albatross,,,,
Diomedea epomophora,Southern Royal Albatross,,,,
Diomedea exulans,Wandering Albatross,,,,
Falco hypoleucos,Grey Falcon,,,,
Falcunculus frontatus whitei,"Crested Shrike-tit (northern), Northern Shrike-tit",,,,
Fregetta grallaria grallaria,"White-bellied Storm-Petrel (Tasman Sea), White-bellied Storm-Petrel (Australasian)",,,,
Gallinago hardwickii,"Latham's Snipe, Japanese Snipe",,,,
Geophaps scripta scripta,Squatter Pigeon (southern),,,,
Geophaps smithii blaauwi,Partridge Pigeon (western),,,,
Geophaps smithii smithii,Partridge Pigeon (eastern),,,,
Grantiella picta,Painted Honeyeater,,,,
Halobaena caerulea,Blue Petrel,,,,
Hirundapus caudacutus,White-throated Needletail,,,,
Hylacola cauta halmaturina,Shy Heathwren (Kangaroo Island),,,,
Leipoa ocellata,Malleefowl,,,,
Leucocarbo atriceps nivalis,"Imperial Shag (Heard Island), Heard Shag",,,,
Leucocarbo atriceps purpurascens,Imperial Shag (Macquarie Island),,,,
Limnodromus semipalmatus,Asian Dowitcher,,,,
Macronectes halli,Northern Giant Petrel,,,,
Malurus leucopterus edouardi,"White-winged Fairy-wren (Barrow Island), Barrow Island Black-and-white Fairy-wren",,,,
Malurus leucopterus leucopterus,"White-winged Fairy-wren (Dirk Hartog Island), Dirk Hartog Black-and-White Fairy-wren",,,,
Mirafra javanica melvillensis,Horsfield's Bushlark (Tiwi Islands),,,,
Neophema chrysostoma,Blue-winged Parrot,,,,
Ninox natalis,"Christmas Island Hawk-Owl, Christmas Boobook",,,,
Pachycephala pectoralis xanthoprocta,Golden Whistler (Norfolk Island),,,,
Pachycephala rufogularis,Red-lored Whistler,,,,
Pachyptila turtur subantarctica,Fairy Prion (southern),,,,
Petroica multicolor,"Norfolk Island Robin, Pacific Robin",,,,
Phoebetria fusca,Sooty Albatross,,,,
Platycercus caledonicus brownii,Green Rosella (King Island),,,,
Platycercus elegans melanopterus,Kangaroo Island Crimson Rosella,,,,
Pluvialis squatarola,Grey Plover,,,,
Polytelis alexandrae,"Princess Parrot, Alexandra's Parrot",,,,
Polytelis anthopeplus monarchoides,Regent Parrot (eastern),,,,
Polytelis swainsonii,Superb Parrot,,,,
Probosciger aterrimus macgillivrayi,Palm Cockatoo (Australian),,,,
Pterodroma mollis,Soft-plumaged Petrel,,,,
Pterodroma neglecta neglecta,Kermadec Petrel (western),,,,
Pycnoptilus floccosus,Pilotbird,,,,
Stagonopleura guttata,Diamond Firetail,,,,
Sterna vittata vittata,Antarctic Tern (Indian Ocean),,,,
Sternula nereis nereis,Australian Fairy Tern,,,,
Strepera fuliginosa colei,Black Currawong (King Island),,,,
Strepera graculina crissalis,"Lord Howe Island Currawong, Pied Currawong (Lord Howe Island)",,,,
Thalassarche bulleri,"Buller's Albatross, Pacific Albatross",,,,
Thalassarche bulleri platei,"Northern Buller's Albatross, Pacific Albatross",,,,
Thalassarche carteri,Indian Yellow-nosed Albatross,,,,
Thalassarche impavida,"Campbell Albatross, Campbell Black-browed Albatross",,,,
Thalassarche melanophris,Black-browed Albatross,,,,
Thalassarche salvini,Salvin's Albatross,,,,
Thalassarche steadi,White-capped Albatross,,,,
Thinornis cucullatus cucullatus,"Eastern Hooded Plover, Eastern Hooded Plover",,,,
Turnix melanogaster,Black-breasted Button-quail,,,,
Tyto novaehollandiae castanops (Tasmanian population),Masked Owl (Tasmanian),,,,
Tyto novaehollandiae kimberli,Masked Owl (northern),,,,
Xenus cinereus,Terek Sandpiper,,,,
Mammals that are Vulnerable (55 EPBC species),,,,,
"Genus, species (subspecies, population)",Common Name,,,,
Antechinus bellus,Fawn Antechinus,,,,
Antechinus minimus maritimus,Swamp Antechinus (mainland),,,,
Balaenoptera borealis,Sei Whale,,,,
Balaenoptera physalus,Fin Whale,,,,
Bettongia lesueur Barrow and Boodie Islands subspecies,"Boodie, Burrowing Bettong (Barrow and Boodie Islands)",,,,
Bettongia lesueur lesueur,"Burrowing Bettong (Shark Bay), Boodie",,,,
Conilurus penicillatus,"Brush-tailed Rabbit-rat, Brush-tailed Tree-rat, Pakooma",,,,
Dasyurus geoffroii,"Chuditch, Western Quoll",,,,
Dasyurus maculatus maculatus (Tasmanian population),"Spotted-tail Quoll, Spot-tailed Quoll, Tiger Quoll (Tasmanian population)",,,,
Hipposideros semoni,"Semon's Leaf-nosed Bat, Greater Wart-nosed Horseshoe-bat",,,,
Isoodon auratus auratus,Golden Bandicoot (mainland),,,,
Isoodon auratus barrowensis,Golden Bandicoot (Barrow Island),,,,
Isoodon obesulus nauticus,Southern Brown Bandicoot (Nuyts Archipelago),,,,
Lagorchestes conspicillatus conspicillatus,Spectacled Hare-wallaby (Barrow Island),,,,
Lagorchestes hirsutus bernieri,Rufous Hare-wallaby (Bernier Island),,,,
Lagorchestes hirsutus dorreae,Rufous Hare-wallaby (Dorre Island),,,,
Lagostrophus fasciatus fasciatus,"Banded Hare-wallaby, Merrnine, Marnine, Munning",,,,
Leporillus conditor,"Wopilkara, Greater Stick-nest Rat",,,,
Macroderma gigas,Ghost Bat,,,,
Macrotis lagotis,Greater Bilby,,,,
Mesembriomys gouldii melvillensis,Black-footed Tree-rat (Melville Island),,,,
Mesembriomys gouldii rattoides,"Black-footed Tree-rat (north Queensland), Shaggy Rabbit-rat",,,,
Mirounga leonina,Southern Elephant Seal,,,,
Notamacropus parma,Parma Wallaby,,,,
Notomys fuscus,"Dusky Hopping-mouse, Wilkiniti",,,,
Nyctophilus corbeni,"Corben's Long-eared Bat, South-eastern Long-eared Bat",,,,
Osphranter robustus isabellinus,"Barrow Island Wallaroo, Barrow Island Euro",,,,
Perameles gunnii gunnii,Eastern Barred Bandicoot (Tasmania),,,,
Petauroides minor,"Greater Glider (northern), Greater Glider (north-eastern Queensland)",,,,
Petaurus australis australis,Yellow-bellied Glider (south-eastern),,,,
Petrogale lateralis centralis,"Warru, Central Australian Rock-wallaby",,,,
Petrogale lateralis hacketti,Recherche Rock-wallaby,,,,
Petrogale penicillata,Brush-tailed Rock-wallaby,,,,
Petrogale sharmani,"Mount Claro Rock Wallaby, Sharman's Rock Wallaby",,,,
Petrogale xanthopus celeris,Yellow-footed Rock-wallaby (central-western Queensland),,,,
Petrogale xanthopus xanthopus,Yellow-footed Rock-wallaby (SA and NSW),,,,
Phascogale calura,"Red-tailed Phascogale, Red-tailed Wambenger, Kenngoor",,,,
Phascogale pirata,Northern Brush-tailed Phascogale,,,,
Phascogale tapoatafa kimberleyensis,"Kimberley brush-tailed phascogale, Brush-tailed Phascogale (Kimberley)",,,,
Potorous tridactylus tridactylus,Long-nosed Potoroo (northern),,,,
Potorous tridactylus trisulcatus,Long-nosed Potoroo (southern mainland),,,,
Pseudomys australis,"Plains Rat, Palyoora, Plains Mouse",,,,
Pseudomys fieldi,"Shark Bay Mouse, Djoongari, Alice Springs Mouse",,,,
Pseudomys novaehollandiae,"New Holland Mouse, Pookila",,,,
Pseudomys pilligaensis,"Pilliga Mouse, Poolkoo",,,,
Pteropus poliocephalus,Grey-headed Flying-fox,,,,
Rhinolophus robertsi,"Large-eared Horseshoe Bat, Greater Large-eared Horseshoe Bat",,,,
Rhinonicteris aurantia (Pilbara form),Pilbara Leaf-nosed Bat,,,,
Saccolaimus saccolaimus nudicluniatus,"Bare-rumped Sheath-tailed Bat, Bare-rumped Sheathtail Bat",,,,
Setonix brachyurus,Quokka,,,,
Sminthopsis butleri,Butler's Dunnart,,,,
Sminthopsis douglasi,Julia Creek Dunnart,,,,
Trichosurus vulpecula arnhemensis,Northern Brushtail Possum,,,,
Xeromys myoides,"Water Mouse, False Water Rat, Yirrkoo",,,,
Zyzomys maini,"Arnhem Rock-rat, Arnhem Land Rock-rat, Kodjperr",,,,
Other Animals that are Vulnerable (15 EPBC species),,,,,
"Genus, species (subspecies, population)",Common Name,,,,
Astacopsis gouldi,"Giant Freshwater Crayfish, Tasmanian Giant Freshwater Lobster",,,,
Bertmainius colonus,Eastern Stirling Range Pygmy Trapdoor Spider,,,,
Cherax robustus,Sand Yabby,,,,
Engaeus orramakunna,Mount Arthur Burrowing Crayfish,,,,
Engaeus yabbimunna,Burnie Burrowing Crayfish,,,,
Hoplogonus simsoni,Simson's Stag Beetle,,,,
Hoplogonus vanderschoori,Vanderschoor's Stag Beetle,,,,
Idiosoma nigrum,"Shield-backed Trapdoor Spider, Black Rugose Trapdoor Spider",,,,
Kumonga exleyi,Cape Range Remipede,,,,
Megascolides australis,Giant Gippsland Earthworm,,,,
Oreisplanus munionga larana,"Marrawah Skipper, Alpine Sedge Skipper, Alpine Skipper",,,,
Paralucia spinifera,"Bathurst Copper Butterfly, Purple Copper Butterfly, Bathurst Copper, Bathurst Copper Wing, Bathurst-Lithgow Copper, Purple Copper",,,,
Parvulastra vivipara,Tasmanian Live-bearing Seastar,,,,
Synemon plana,Golden Sun Moth,,,,
Westralunio carteri,"Carter's Freshwater Mussel, Freshwater Mussel",,,,
Fishes that are Conservation dependent (8 EPBC species),,,,,
"Genus, species (subspecies, population)",Common Name,,,,
Centrophorus harrissoni,"Harrisson's Dogfish, Endeavour Dogfish, Dumb Gulper Shark, Harrison's Deepsea Dogfish",,,,
Centrophorus uyato,Little Gulper Shark,,,,
Galeorhinus galeus,"School Shark, Eastern School Shark, Snapper Shark, Tope, Soupfin Shark",,,,
Hoplostethus atlanticus,"Orange Roughy, Deep-sea Perch, Red Roughy",,,,
Rexea solandri (eastern Australian population),Eastern Gemfish,,,,
Seriolella brama,Blue Warehou,,,,
Sphyrna lewini,Scalloped Hammerhead,,,,
Thunnus maccoyii,Southern Bluefin Tuna,,,,
