Flora that are Extinct (36 EPBC species),
"Genus, species (subspecies, population)",Common Name
Acacia kingiana,
Acacia prismifolia,Diels' Wattle
Acianthus ledwardii,
Amperea xiphoclada var. pedicellata,
Amphibromus whitei,
Caladenia brachyscapa,Short Spider-orchid
Coleanthera virgata = Styphelia lanata,Hidden Coleanthera
Deyeuxia lawrencei,
Didymoglossum exiguum,
Diuris bracteata,
Euphrasia ruptura,subshrub
Frankenia decurrens,Decurrent-leaved Frankenia
Huperzia serrata,Water Tassel-fern
Hymenophyllum lobbii,
Hymenophyllum whitei,a filmy fern
Lemmaphyllum accedens,
Lepidium drummondii,Drummond's Lepidium
Leucopogon cryptanthus,Small-flowered Leucopogon
Lycopodium volubile = Pseudodiphasium volubile,
Monogramma dareicarpa,Grass Fern
Musa fitzalanii,Daintree's River Banana
Myriocephalus nudus,
Olearia oliganthema,
Opercularia acolytantha,Esperance Dog Weed
Ozothamnus selaginoides,"Clubmoss Everlasting, Table Mountain Daisy Bush"
Paspalum batianoffii,
Persoonia laxa,
Persoonia prostrata,
Pultenaea maidenii,Maiden's Bush-pea
Senecio georgianus,Grey Groundsel
Solanum bauerianum,Bridal Flower
Tetratheca fasciculata,Cronin's Tetratheca
Thomasia gardneri,Mt Holland Thomasia
Tmesipteris lanceolata,
Trianthema cypseleoides,
Vanvoorstia bennettiana,Bennett's Seaweed
Flora that are Critically Endangered (260 EPBC species),
"Genus, species (subspecies, population)",Common Name
Abutilon julianae,Norfolk Island Abutilon
Acacia blayana,Blay's Wattle
Acacia cochlocarpa subsp. velutinosa,Velvety Spiral Pod Wattle
Acacia constablei,Narrabarba Wattle
Acacia dangarensis,
Acacia equisetifolia,a shrub
Acacia leptoneura,
Acacia purpureopetala,Purple-flowered Wattle
Acacia unguicula,a shrub
Acanthocladium dockeri,"Spiny Everlasting, Spiny Daisy"
Achyranthes arborescens,"Chaff Tree, Soft-wood"
Achyranthes margaretarum,Phillip Island Chaffy Tree
Andersonia annelsii,
Andersonia axilliflora,Giant Andersonia
Androcalva adenothalia,
Androcalva bivillosa,Straggling Androcalva
Androcalva perkinsiana,Headland Commersonia
Anthosachne kingiana subsp. kingiana,Phillip Island Wheat Grass
Antrophyum austroqueenslandicum,"Border Ranges Lined Fern, Lamington Ox Tongue Fern"
Asplenium listeri,Christmas Island Spleenwort
Asterolasia asteriscophora subsp. albiflora,White Star-bush
Asterolasia beckersii,Dungowan Starbush
Asterolasia buxifolia,
Atalaya brevialata,
Austrostipa jacobsiana,
Azorella macquariensis,"Macquarie Azorella, Macquarie Cushions"
Banksia anatona,Cactus Dryandra
Banksia aurantia,Orange Dryandra
Banksia brownii,"Brown's Banksia, Feather-leaved Banksia"
Banksia fuscobractea,Dark-bract Banksia
Banksia montana,Stirling Range Dryandra
Banksia serratuloides subsp. perissa,Northern Serrate Dryandra
Banksia vincentia,
Boehmeria australis subsp. australis,"Tree Nettle, Nettletree"
Boronia inflexa subsp. torringtonensis,
Bossiaea fragrans,
Brachychiton sp. Ormeau (L.H.Bird AQ435851),Ormeau Bottle Tree
Brachyscias verecundus,Ironstone Brachyscias
Bruguiera x hainesii,Haines's Orange Mangrove
Caladenia actensis,Canberra Spider Orchid
Caladenia anthracina,Black-tipped Spider-orchid
Caladenia attenuata,Duramana Fingers
Caladenia campbellii,"Thick-stem Caladenia, Thick-stem Fairy Fingers"
Caladenia cremna,"Don's Spider Orchid, Beady Spider Orchid"
Caladenia intuta,Ghost Spider-orchid
Caladenia lindleyana,Lindley's Spider-orchid
Caladenia lodgeana,Lodge's Spider-orchid
Caladenia luteola,Lemon Spider Orchid
Caladenia melanema,"Ballerina Orchid, Ballerina Spider Orchid"
Caladenia pallida,"Rosy Spider Orchid, Pale Spider-orchid, Summer Spider-orchid"
Caladenia procera,Carbunup King Spider Orchid
Caladenia pumila,Dwarf Spider-orchid
Caladenia saggicola,Sagg Spider-orchid
Caladenia sp. Kilsyth South (G.S.Lorimer 1253),Kilsyth South Spider-orchid
Caladenia sylvicola,Forest Fingers
Caladenia tonellii,Robust Fingers
Calectasia cyanea,Blue Tinsel Lily
Callistemon megalongensis,Megalong Valley Bottlebrush
Callistemon purpurascens,a bottlebrush
Callistemon wimmerensis,Wimmera Bottlebrush
Callitris oblonga subsp. corangensis,Corang Pine
Calochilus cupreus,Copper Beard Orchid
Calystegia affinis,
Cassinia tegulata,Avenue Cassinia
Clausena excavata,
Clematis dubia,"a creeper, Clematis"
Commersonia apella,Many-flowered Commersonia
Conospermum galeatum,
Conostylis setigera subsp. dasys,Boscabel Conostylis
Corunastylis ectopa,"Brindabella Midge-orchid, Ectopic Midge-orchid"
Corunastylis firthii,Firth's Midge-orchid
Corunastylis insignis,"Wyong Midge Orchid 1, Variable Midge Orchid 1"
Corunastylis littoralis,Tuncurry Midge Orchid
Corunastylis sp. Charmhaven (NSW 896673) = Genoplesium branwhiteorum,Wyong Midge Orchid 2
Corybas sulcatus,Grooved Helmet-orchid
Croton mamillatus,Bahrs Scrub Croton
Darwinia collina,Yellow Mountain Bell
Darwinia foetida,Muchea Bell
Dasymalla axillaris,Native Foxglove
Daviesia glossosema,Maroon-flowered Daviesia
Daviesia ovata,Broad-leaf Daviesia
Daviesia pseudaphylla,Stirling Range Daviesia
Decaspermum struckoilicum,Struck Oil Myrtle
Deyeuxia ramosa,Climbing Bent-grass
Diuris flavescens,"Pale Yellow Doubletail, Wingham Doubletail"
Duma horrida subsp. abdita,Remote Thorny Lignum
Eidothea hardeniana,Nightcap Oak
Elatostema montanum,Mountain Procris
Epacris graniticola,"Mt Cameron Heath, Granite Heath"
Epacris limbata,"Border Heath, Bordered Heath"
Epacris stuartii,"Stuart's Heath, Southport Heath"
Eremophila glabra subsp. Scaddan (C.Turley s.n. 10/11/2005),
Eremophila koobabbiensis,"Koobabbie Eremophila, Koobabbie Poverty Bush"
Eremophila rostrata,Beaked Eremophila
Eremophila sp. Narrow leaves (J.D.Start D12-150) = Eremophila subangustifolia,
Eucalyptus dalveenica,Dalveen Blue Box
Eucalyptus imlayensis,"Imlay Mallee, Mount Imlay Mallee"
Eucalyptus morrisbyi,"Morrisby's Gum, Morrisbys Gum"
Eucalyptus phoenix,Brumby Mallee-gum
Eucalyptus recurva,Mongarlowe Mallee
"Eucalyptus sp. Cattai (Gregson s.n., 28 Aug 1954) = Eucalyptus cryptica",
Euphorbia norfolkiana,Norfolk Island Euphorbia
Euphrasia arguta,
Euphrasia fragosa,"Shy Eyebright, Southport Eyebright"
Euphrasia gibbsiae subsp. psilantherea,Swamp Eyebright
Fontainea oraria,Coastal Fontainea
Galium antarcticum,Subantarctic Bedstraw
Gastrolobium argyrotrichum,Metricup Pea
Gastrolobium diabolophyllum,Bodallin Poison
Gastrolobium luteifolium,Yellow-leafed Gastrolobium
Gastrolobium vestitum,
Gentiana bredboensis,Bredbo Gentian
Gentiana wissmannii,New England Gentian
Grevillea brachystylis subsp. grandis,Large-flowered Short-styled Grevillea
Grevillea bracteosa subsp. howatharra,
Grevillea burrowa,Burrowa Grevillea
Grevillea caleyi,Caley's Grevillea
Grevillea hodgei,Coochin Hills Grevillea
Grevillea rivularis,Carrington Falls Grevillea
Grevillea scortechinii subsp. scortechinii,Black Grevillea
Grevillea sp. Gillingarra (R.J.Cranfield 4087),
Grevillea thelemanniana,Spider Net Grevillea
Grevillea wilkinsonii,Tumut Grevillea
Guichenotia seorsiflora,
Gyrostemon reticulatus,Net-veined Gyrostemon
Hakea dohertyi,Kowmung Hakea
Haloragis platycarpa,Broad-fruited Haloragis
Hemigenia ramosissima,Branched Hemigenia
Hibbertia abyssus,Bandalup Buttercup
Hibbertia circinata,
Hibbertia priceana,
Hibbertia puberula subsp. glabrescens,
Hibbertia sp. Toolbrunup (J.R.Wheeler 2504) = Hibbertia barrettiae,
Hibbertia spanantha,Julian's Hibbertia
Hibbertia tenuis,
Hibbertia wheelerae,Wheeler's Buttercup
Hibiscus insularis,Phillip Island Hibiscus
Homoranthus bebo,
Homoranthus bruhlii,
Homoranthus elusus,
Hybanthus cymulosus,Ninghan Violet
Isopogon robustus,Robust Coneflower
Kardomia prominens,
Kunzea similis subsp. similis,
Lambertia fairallii,Fairall's Honeysuckle
Lasiopetalum sp. Mount Caroline (S.D. Hopper SDH 6381) = Lasiopetalum moullean,
Lasiopetalum sp. Proston (J.A.Baker 17),Proston Lasiopetalum
Latrobea colophona = Latrobea colophon,
Leichhardtia araujacea,
Leionema lamprophyllum subsp. fractum,
Leionema westonii,
Lenwebbia sp. Main Range (P.R.Sharpe+ 4877),
Lepidorrhachis mooreana,"Little Mountain Palm, Moorei Palm"
Leptospermum jingera,Stringybark Tea-tree
Leucopogon gnaphalioides,Stirling Range Beard Heath
"Leucopogon sp. Flynn (F.Hort, J.Hort & A.Lowrie 859)",
Leucopogon spectabilis,Ironstone Beard-heath
Lobelia claviflora,
Lomatia tasmanica,King's Lomatia
Lysiosepalum abollatum,Woolly Lysiosepalum
Melicytus latifolius,Norfolk Island Mahoe
Meryta latifolia,"Shade Tree, Broad-leaved Meryta"
Mitrantia bilocularis,
Myoporum obscurum,"Popwood, Sandalwood, Bastard Ironwood"
Nematoceras dienemum = Corybas dienemus,Windswept Helmet-orchid
Nematolepis frondosa,Leafy Nematolepis
Nitella parooensis,a green alga
Notelaea ipsviciensis = Notelaea x ipsviciensis,Cooneana Olive
Oberonia attenuata,Mossman Fairy Orchid
Paragoodia crenulata,
Persoonia micranthera,Small-flowered Snottygobble
Persoonia pauciflora,North Rothbury Persoonia
Phebalium daviesii,"Davies' Waxflower, St Helens Waxflower"
Phebalium speciosum,
Philotheca falcata,Sickle-leaved Waxflower
Phlegmariurus squarrosus,"Rock Tassel-fern, Water Tassel-fern"
Phreatia limenophylax = Plexaure limenophylax,Norfolk Island Phreatia
Pimelea bracteata,
Pimelea cremnophila,
Pimelea spinescens subsp. pubiflora,Wimmera Rice-flower
Pimelea spinescens subsp. spinescens,"Plains Rice-flower, Spiny Rice-flower, Prickly Pimelea"
Plinthanthesis rodwayi,Budawangs Wallaby-grass
Pneumatopteris truncata,fern
Pomaderris delicata,
Pomaderris gilmourii var. cana,Grey Deua Pomaderris
Pomaderris reperta,Denman Pomaderris
Pomaderris vacciniifolia,Round-leaf Pomaderris
Pomaderris walshii,Carrington Falls Pomaderris
Prasophyllum atratum,Three Hummock Leek-orchid
Prasophyllum bagoense,Bago Leek-orchid
Prasophyllum castaneum,Chestnut Leek-orchid
Prasophyllum favonium,Western Leek-orchid
Prasophyllum incorrectum,Golfers Leek-orchid
Prasophyllum innubum,Brandy Marys Leek-orchid
Prasophyllum keltonii,Kelton's Leek-orchid
Prasophyllum laxum,Lax Leek Orchid
Prasophyllum limnetes,Marsh Leek-orchid
Prasophyllum littorale = Prasophyllum litorale,Coastal Leek Orchid
Prasophyllum milfordense,Milford Leek-orchid
Prasophyllum murfetii,Fleurieu Leek Orchid
Prasophyllum olidum,Pungent Leek-orchid
Prasophyllum perangustum,Knocklofty Leek-orchid
Prasophyllum pulchellum,Pretty Leek-orchid
Prasophyllum robustum,Robust Leek-orchid
Prasophyllum sp. Wybong (C.Phelps ORG 5269),a leek-orchid
Prasophyllum stellatum,Ben Lomond Leek-orchid
Prasophyllum taphanyx,Graveside Leek-orchid
Prasophyllum uvidulum,Shelley Leek Orchid
Prostanthera albohirta,
Prostanthera clotteniana,
Prostanthera gilesii,
Prostanthera marifolia,Seaforth Mintbush
Prostanthera palustris,Swamp Mint-bush
Prostanthera staurophylla,a mint-bush
Pterostylis bryophila,Hindmarsh Valley Greenhood
Pterostylis commutata,Midland Greenhood
Pterostylis oreophila,"Blue-tongued Orchid, Kiandra Greenhood"
Pterostylis psammophila,Two-bristle Greenhood
Pterostylis valida,Robust Greenhood
Pterostylis vernalis,Halbury Rustyhood
Pterostylis wapstrarum,Fleshy Greenhood
Ptilotus pyramidatus,Pyramid Mulla-mulla
Pultenaea sp. Genowlan Point (NSW 417813) = Pultenaea praecipua subsp. praecipua,"Genowlan Point Pultenaea, Genowlan Pultenaea"
Reedia spathacea,Reedia
Rhizanthella gardneri,"Western Underground Orchid, Underground Orchid"
Rhizanthella johnstonii,South Coast Underground Orchid
Rhodamnia angustifolia,Narrow-leaved Malletwood
Rhodamnia longisepala,
Rhodamnia maideniana,Smooth Scrub Turpentine
Rhodamnia rubescens,"Scrub Turpentine, Brown Malletwood"
Rhodomyrtus psidioides,Native Guava
Scaevola macrophylla,Large-flowered Scaevola
Seringia exastia,Fringed Fire-bush
Solanum orgadophilum,Capella Potato Bush
Sphaerolobium acanthos,Grampians Globe-pea
Spyridium fontis-woodii,Woods Well Spyridium
Stylidium amabile,
Stylidium applanatum,Flat-leaved Triggerplant
Stylidium semaphorum,
Styphelia longissima,
Synaphea sp. Fairbridge Farm (D.Papenfus 696),Selena's Synaphea
Synaphea sp. Pinjarra (R.Davis 6578),Club-leafed Synaphea
Synaphea sp. Serpentine (G.R.Brand 103),
Tetratheca gunnii,"Shy Pinkbells, Shy Susan"
Tetratheca nephelioides,
Thelymitra adorata,Wyong Sun Orchid
Thelymitra cyanapicata,"Blue Top Sun-orchid, Dark-tipped Sun-orchid"
Thelymitra hygrophila,Blue Star Sun-orchid
Thelymitra kangaloonica,Kangaloon Sun Orchid
Thelymitra orientalis,Hoary Sun-orchid
Thynninorchis nothofagicola,Myrtle Elbow Orchid
Veronica derwentiana subsp. homalodonta,Mount Lofty Speedwell
Verticordia apecta,"Hay River Featherflower, Scruffy Verticordia"
Wikstroemia australis,Kurrajong
Wollemia nobilis,Wollemi Pine
Zieria adenophora,Araluen Zieria
Zieria buxijugum,Box Range Zieria
Zieria exsul,Banished Stink Bush
Zieria odorifera subsp. warrabahensis,
Zieria parrisiae,Parris's Zieria
Flora that are Endangered (577 EPBC species),
"Genus, species (subspecies, population)",Common Name
Acacia aprica,Blunt Wattle
Acacia aristulata,Watheroo Wattle
Acacia ataxiphylla subsp. magna,Large-fruited Tammin Wattle
Acacia auratiflora,Orange-flowered Wattle
Acacia baueri subsp. aspera,
Acacia brachypoda,Western Wheatbelt Wattle
Acacia chapmanii subsp. australis,
Acacia cochlocarpa subsp. cochlocarpa,Spiral-fruited Wattle
Acacia cretacea,Chalky Wattle
Acacia enterocarpa,Jumping-jack Wattle
Acacia gordonii,
Acacia imitans,Gibson Wattle
Acacia insolita subsp. recurva,Yornaning Wattle
Acacia lanigera var. gracilipes,
Acacia lanuginophylla,Woolly Wattle
Acacia leptalea,Chinocup Wattle
Acacia lobulata,Chiddarcooping Wattle
Acacia meiantha,
Acacia pharangites,Wongan Gully Wattle
Acacia pinguifolia,"Fat-leaved Wattle, Fat-leaf Wattle"
Acacia porcata,
Acacia pygmaea,Dwarf Rock Wattle
Acacia recurvata,Recurved Wattle
Acacia rhamphophylla,Kundip Wattle
Acacia ruppii,Rupp's Wattle
Acacia sciophanes,"Wundowlin Wattle, Ghost Wattle"
Acacia spilleriana,Spiller's Wattle
Acacia splendens,"Splendid Wattle, Dandaragan Wattle"
Acacia subflexuosa subsp. capillata,Hairy-stemmed Zig-Zag Wattle
Acacia terminalis subsp. terminalis MS = Acacia terminalis subsp. Eastern Sydney (G.P.Phillips 126),Sunshine Wattle (Sydney region)
Acacia vassalii,Vassal's Wattle
Acacia volubilis,"Tangled Wattle, Tangle Wattle"
Acacia whibleyana,"Whibley Wattle, Whibley's Wattle"
Acacia wilsonii,Wilson's Wattle
Acacia woodmaniorum,Woodman's Wattle
Acronychia littoralis,Scented Acronychia
Adenanthos dobagii,Fitzgerald Woollybush
Adenanthos eyrei,Toolinna Adenanthos
Adenanthos pungens subsp. effusus,Sprawling Spiky Adenanthos
Adenanthos velutinus,Velvet Woollybush
Alectryon ramiflorus,Isis Tamarind
Allocasuarina defungens,Dwarf Heath Casuarina
Allocasuarina emuina,"Emu Mountain Sheoak, Mt Emu She-oak"
Allocasuarina glareicola,
Allocasuarina portuensis,Nielsen Park She-oak
Allocasuarina robusta,Mount Compass Oak-bush
Allocasuarina thalassoscopica,
Almaleea cambagei,Torrington Pea
Amyema plicatula,
Andersonia gracilis,Slender Andersonia
Androcalva perlaria,Pearl-like Androcalva
Androcalva rosea,Sandy Hollow Commersonia
Anigozanthos bicolor subsp. minor,"Little Kangaroo Paw, Two-coloured Kangaroo Paw, Small Two-colour Kangaroo Paw"
Aponogeton bullosus,
Aponogeton prolifer,an aquatic herb
Archontophoenix myolensis,"Myola Palm, Myola Archontophoenix"
Aristida granitica,
Asterolasia elegans,
Astrotricha roddii,
Astrotricha sp. Wingan Inlet (J.A.Jeanes 2268),Wingan Star-hair
Atalaya collina,Yarwun Whitewood
Atriplex yeelirrie,
Austrostipa bronwenae = Austrostipa bronweniae,
Austrostipa wakoolica,
Baeckea kandos,a shrub
Ballantinia antipoda,Southern Shepherd's Purse
Banksia cuneata,"Matchstick Banksia, Quairading Banksia"
Banksia ionthocarpa,Kamballup Dryandra
Banksia mimica,Summer Honeypot
Banksia nivea subsp. uliginosa,Swamp Honeypot
Banksia oligantha,Wagin Banksia
Banksia pseudoplumosa,False Plumed-Banksia
Banksia rufa subsp. pumila,
Barbarea australis,"Native Wintercress, Riverbed Wintercress"
Bertya granitica,a shrub
Bertya ingramii,a shrub
Bertya mollissima,
Bertya sp. Clouds Creek (M.Fatemi 4),
Bertya tasmanica subsp. tasmanica,Tasmanian Bertya
Beyeria lepidopetala,"Small-petalled Beyeria, Short-petalled Beyeria"
Blechnum norfolkianum,Norfolk Island Water-fern
Boronia capitata subsp. capitata,a shrub
Boronia clavata,Bremer Boronia
Boronia exilis,Scott River Boronia
Boronia granitica,Granite Boronia
Boronia repanda,"Repand Boronia, Border Boronia"
Boronia revoluta,Ironcap Boronia
Borya mirabilis,Grampians Pincushion-lily
Bossiaea peninsularis,Sword Bossiaea
Bossiaea sp. Frankland (E.M.Sandiford EMS 896),
Brachyscome muelleri,Corunna Daisy
Burmannia sp. Bathurst Island (R.Fensham 1021) = Burmannia championii,
Caladenia amoena,Charming Spider-orchid
Caladenia arenaria,Sand-hill Spider-orchid
Caladenia argocalla,White-beauty Spider-orchid
Caladenia atroclavia,Black-clubbed Spider-orchid
Caladenia audasii,"McIvor Spider-orchid, Audas' Spider-orchid"
Caladenia barbarella,"Small Dragon Orchid, Common Dragon Orchid"
Caladenia behrii,Pink-lipped Spider-orchid
Caladenia bryceana subsp. bryceana,Dwarf Spider-orchid
Caladenia busselliana,Bussell's Spider-orchid
Caladenia caesarea subsp. maritima,Cape Spider-orchid
Caladenia colorata,"Coloured Spider-orchid, Small Western Spider-orchid, Painted Spider-orchid"
Caladenia conferta,Coast Spider-orchid
Caladenia dienema,Windswept Spider-orchid
Caladenia dorrienii,Cossack Spider-orchid
Caladenia drakeoides,Hinged Dragon Orchid
Caladenia elegans,Elegant Spider-orchid
Caladenia excelsa,Giant Spider-orchid
Caladenia fulva,Tawny Spider-orchid
Caladenia gladiolata,"Bayonet Spider-orchid, Clubbed Spider-orchid"
Caladenia graniticola,"Pingaring Spider-orchid, Granite Spider-orchid"
Caladenia granitora,
Caladenia hastata,Melblom's Spider-orchid
Caladenia hoffmanii,Hoffman's Spider-orchid
Caladenia hopperiana,"Quindanning Spider Orchid, Boddington Spider Orchid"
Caladenia huegelii,"King Spider-orchid, Grand Spider-orchid, Rusty Spider-orchid"
Caladenia leucochila,Collie Spider Orchid
Caladenia lowanensis,Wimmera Spider-orchid
Caladenia macroclavia,Large-club Spider-orchid
Caladenia orientalis,Eastern Spider Orchid
Caladenia richardsiorum,Little Dip Spider-orchid
Caladenia rigida,Stiff White Spider-orchid
Caladenia robinsonii,Frankston Spider-orchid
Caladenia rosella,"Rosella Spider-orchid, Little Pink Spider-orchid"
Caladenia tensa,"Greencomb Spider-orchid, Rigid Spider-orchid"
Caladenia thysanochila,Fringed Spider-orchid
Caladenia viridescens,Dunsborough Spider-orchid
Caladenia williamsiae,Williams Spider Orchid
Caladenia winfieldii,Majestic Spider-orchid
Caladenia xanthochila,Yellow-lip Spider-orchid
Caladenia xantholeuca,"White Rabbits, Flinders Ranges White Caladenia"
Callitris oblonga subsp. oblonga,South Esk Pine
Calochilus psednus,Cardwell Beard Orchid
Calochilus pulchellus,"Pretty Beard Orchid, Pretty Beard-orchid"
Calochilus richiae,Bald-tip Beard-orchid
Calotis moorei,Moore's Burr-daisy
Calytrix breviseta subsp. breviseta,Swamp Starflower
Carronia pedicellata,
Cassinia heleniae,
Centrolepis pedderensis,"Pedder Centrolepis, Pedder Bristlewort"
Chamelaucium sp. Gingin (N.G.Marchant 6) = Chamelaucium lullfitzii,Gingin Wax
Chiloglottis anaticeps,Duck's-head Wasp-orchid
Chingia australis,
Chordifex abortivus,Manypeaks Rush
Choretrum spicatum subsp. spicatum,Spiked Sour-bush
Chorizema humile,Prostrate Flame Pea
Chorizema varium,Limestone Pea
Commersonia erythrogyna,Trigwell's Rulingia
Commersonia prostrata,Dwarf Kerrawang
Conospermum densiflorum subsp. unicephalatum,One-headed Smokebush
Conostylis dielsii subsp. teres,Irwin's Conostylis
Conostylis drummondii,Drummond's Conostylis
Conostylis lepidospermoides,Sedge Conostylis
Conostylis micrantha,Small-flowered Conostylis
Conostylis misera,Grass Conostylis
Conostylis seorsiflora subsp. trichophylla,Hairy Mat Conostylis
Conostylis wonganensis,Wongan Conostylis
Coopernookia georgei,Mauve Coopernookia
Coprosma baueri,Coastal Coprosma
Coprosma pilosa,Mountain Coprosma
Corchorus cunninghamii,Native Jute
Corokia whiteana,
Correa eburnea,Deep Creek Correa
Correa lawrenceana var. genoensis,Genoa River Correa
Corunastylis brachystachya,"Short-spiked Midge-orchid, Rocky Cape Midge Orchid"
Cossinia australiana,Cossinia
Craspedia preminghana,Preminghana Billybutton
Crepidium lawleri = Dienia lawleri,
Cyathea exilis,a tree-fern
Cycas megacarpa,
Cycas ophiolitica,
Cynanchum elegans,White-flowered Wax Plant
Cyperus cephalotes,
Daphnandra johnsonii,Illawarra Socketwood
Darwinia acerosa,Fine-leaved Darwinia
Darwinia apiculata,Scarp Darwinia
Darwinia carnea,"Mogumber Bell, Narrogin Bell"
Darwinia chapmaniana,Chapman's Bell
Darwinia ferricola,Scott River Darwinia
Darwinia oxylepis,Gillam's Bell
Darwinia polychroma,Harlequin Bell
Darwinia whicherensis,Abba Bell
Darwinia wittwerorum,Wittwer's Mountain Bell
Davidsonia jerseyana,Davidson's Plum
Davidsonia johnsonii,"Smooth Davidsonia, Smooth Davidson's Plum, Small-leaved Davidson's Plum"
Daviesia bursarioides,Three Springs Daviesia
Daviesia cunderdin,Cunderdin Daviesia
Daviesia dielsii,Diels' Daviesia
Daviesia euphorbioides,Wongan Cactus
Daviesia megacalyx,Long-sepalled Daviesia
Daviesia microcarpa,Norseman Pea
Daviesia obovata,Paddle-leaf Daviesia
Daviesia speciosa,Beautiful Daviesia
Dendrobium antennatum,Antelope Orchid
Dendrobium brachypus,Norfolk Island Orchid
Dendrobium mirbelianum,"Dark-stemmed Antler Orchid, Mangrove Orchid"
Dendrobium nindii,an orchid
Denhamia megacarpa,Large-fruited Denhamia
Deyeuxia appressa,
Deyeuxia drummondii,"Drummond's Grass, Drummond Grass"
Dianella amoena,Matted Flax-lily
Dichanthium queenslandicum,King Blue-grass
Diospyros mabacea,"Red-fruited Ebony, Silky Persimmon, Ebony"
Diplazium pallidum,
Diploglottis campbellii,Small-leaved Tamarind
Diplolaena andrewsii,
Dipodium campanulatum,Bell Flower Hyacinth Orchid
Dipodium pictum,
Diuris aequalis,Buttercup Doubletail
Diuris basaltica,"Small Golden Moths Orchid, Early Golden Moths"
Diuris eborensis,
Diuris fragrantissima,"Sunshine Diuris, Fragrant Doubletail, White Diuris"
Diuris lanceolata,Snake Orchid
Diuris pedunculata,"Small Snake Orchid, Two-leaved Golden Moths, Golden Moths, Cowslip Orchid, Snake Orchid"
Diuris purdiei,Purdie's Donkey-orchid
Dodonaea subglandulifera,Peep Hill Hop-bush
Drakaea confluens,Late Hammer-orchid
Drakaea elastica,"Glossy-leafed Hammer Orchid, Glossy-leaved Hammer Orchid, Warty Hammer Orchid"
Drakaea isolata,Lonely Hammer-orchid
Drummondita ericoides,Morseby Range Drummondita
Elaeocarpus miegei,
Elaeocarpus sedentarius,Minyon Quandong
Elaeocarpus williamsianus,Hairy Quandong
Endiandra cooperana,
Endiandra floydii,"Floyd's Walnut, Crystal Creek Walnut"
Epacris apsleyensis,Apsley Heath
Epacris barbata,"Bearded Heath, Freycinet Heath"
Epacris exserta,South Esk Heath
Epacris glabella,"Funnel Heath, Smooth Heath"
Epacris grandis,"Grand Heath, Tall Heath"
Epacris hamiltonii,
Epacris virgata,"Pretty Heath, Dan Hill Heath"
Eremochloa muricata,
Eremophila ciliata,
Eremophila denticulata subsp. trisulcata,Cumquat Eremophila
Eremophila glabra subsp. chlorella,
Eremophila lactea,Milky Emu Bush
Eremophila nivea,Silky Eremophila
Eremophila pinnatifida,Pinnate-leaf Eremophila
Eremophila resinosa,Resinous Eremophila
Eremophila scaberula,Rough Emu Bush
Eremophila subteretifolia,Lake King Eremophila
Eremophila ternifolia,Wongan Eremophila
Eremophila verticillata,Whorled Eremophila
Eremophila virens,"Campion Eremophila, Green-flowered Emu bush"
Eremophila viscida,Varnish Bush
Eriocaulon australasicum,"Austral Pipewort, Southern Pipewort"
Eriocaulon carsonii,"Salt Pipewort, Button Grass"
Eryngium fontanum,Blue Devil
Eucalyptus absita,Badgingarra Box
Eucalyptus alligatrix subsp. limaensis,Lima Stringybark
Eucalyptus brevipes,Mukinbudin Mallee
Eucalyptus broviniensis,
Eucalyptus burdettiana,Burdett Gum
Eucalyptus canobolensis,"Silver-leaf Candlebark, Mt Canobolas Candlebark"
Eucalyptus conglomerata,Swamp Stringybark
Eucalyptus copulans,
Eucalyptus crenulata,"Silver Gum, Buxton Gum"
Eucalyptus crucis subsp. praecipua,Paynes Find Mallee
Eucalyptus cuprea,Mallee Box
Eucalyptus dolorosa,"Dandaragan Mallee, Mount Misery Mallee"
Eucalyptus forresterae,Brumby Sallee
Eucalyptus gunnii subsp. divaricata,Miena Cider Gum
Eucalyptus impensa,Eneabba Mallee
Eucalyptus insularis,Twin Peak Island Mallee
Eucalyptus largeana,Craven Grey Box
Eucalyptus leprophloia,"Scaly Butt Mallee, Scaly-butt Mallee"
Eucalyptus macarthurii,"Camden Woollybutt, Paddys River Box"
Eucalyptus nudicaulis,Mt Isa Mallee
Eucalyptus pachycalyx subsp. banyabba,Banyabba Shiny-barked Gum
Eucalyptus paludicola,"Mount Compass Swamp Gum, Fleurieu Swamp Gum, Marsh Gum"
Eucalyptus pruiniramis,"Midlands Gum, Jingymia Gum"
Eucalyptus recta,Silver Mallet
Eucalyptus stenostoma,Jillaga Ash
Eucalyptus taurina,Helidon Ironbark
Eucalyptus x balanites,"Cadda Road Mallee, Cadda Mallee"
Eucalyptus x phylacis,Meelup Mallee
Euphrasia collina subsp. muelleri,"Purple Eyebright, Mueller's Eyebright"
Euphrasia collina subsp. osbornii,Osborn's Eyebright
Euphrasia semipicta,Peninsula Eyebright
Euphrasia sp. Bivouac Bay (W.R.Barker 7626 et al.),"Masked Eyebright, Masked Cliff Eyebright"
Fimbristylis adjuncta,
Frankenia conferta,Silky Frankenia
Frankenia parvula,Short-leaved Frankenia
Frankenia plicata,
Gardenia actinocarpa,
Gastrolobium glaucum,"Spike Poison, Wongan Poison"
Gastrolobium graniticum,Granite Poison
Gastrolobium hamulosum,Hook-point Poison
Gastrolobium humile,
Gastrolobium papilio,Butterfly-leaved Gastrolobium
Gaultheria viridicarpa,Green Waxberry
Geniostoma huttonii,
Genoplesium baueri,"Yellow Gnat-orchid, Bauer's Midge Orchid, Brittle Midge Orchid"
Genoplesium plumosum = Corunastylis plumosa,"Plumed Midge-orchid, Tallong Midge Orchid"
Genoplesium rhyoliticum = Corunastylis rhyolitica,Pambula Midge-orchid
Genoplesium tectum = Corunastylis tecta,Cardwell Midge Orchid
Gentiana baeuerlenii,Baeuerlen's Gentian
Gentiana wingecarribiensis,Wingecarribee Gentian
Gingidia rupicola,"Mountain Angelica, Broad-leafed Carrot"
Glyceria drummondii,Nangetty Grass
Goodenia arthrotricha,
Gossia fragrantissima,"Sweet Myrtle, Small-leaved Myrtle"
Gossia gonoclada,Angle-stemmed Myrtle
Grammosolen odgersii subsp. occidentalis,"Western Woolly Cyphanthera, Western Cyphanthera"
Graptophyllum reticulatum,Veiny Graptophyllum
Grevillea acanthifolia subsp. paludosa,Bog Grevillea
Grevillea acropogon,
Grevillea althoferorum,
Grevillea batrachioides,Mt Lesueur Grevillea
Grevillea beadleana,Beadle's Grevillea
Grevillea calliantha,"Foote's Grevillea, Cataby Grevillea, Black Magic Grevillea"
Grevillea christineae,Christine's Grevillea
Grevillea corrugata,a shrub
Grevillea curviloba subsp. curviloba,Curved-leaf Grevillea
Grevillea curviloba subsp. incurva,Narrow curved-leaf Grevillea
Grevillea dryandroides subsp. dryandroides,Phalanx Grevillea
Grevillea dryandroides subsp. hirsuta,Hairy Phalanx Grevillea
Grevillea guthrieana,
Grevillea humifusa,Spreading Grevillea
Grevillea iaspicula,Wee Jasper Grevillea
Grevillea infundibularis,Fan-leaf Grevillea
Grevillea involucrata,Lake Varley Grevillea
Grevillea jephcottii,Pine Mountain Grevillea
Grevillea maccutcheonii,McCutcheon's Grevillea
Grevillea masonii,
Grevillea maxwellii,Maxwell's Grevillea
Grevillea mollis,
Grevillea molyneuxii,
Grevillea murex,
Grevillea obtusiflora,Grey Grevillea
Grevillea pythara,Pythara Grevillea
Grevillea rara,Rare Grevillea
Grevillea scapigera,Corrigin Grevillea
Habenaria maccraithii,Whiskered Rein Orchid
Hakea macrorrhyncha,
Hakea pulvinifera,Lake Keepit Hakea
Haloragis eyreana,Prickly Raspwort
Haloragodendron lucasii,Hal
Helicteres macrothrix,
Hemiandra gardneri,Red Snakebush
Hemiandra rutilans,"Sargents Snakebush, Colourful Snakebush"
Hibbertia acaulothrix,
Hibbertia basaltica,Basalt Guinea-flower
Hibbertia cistiflora subsp. quadristaminea,
Hibbertia praemorsa,Bundanoon Guinea-flower
Homoranthus decumbens,a shrub
Hypocalymma angustifolium subsp. Hutt River (S.Patrick 2982),
Hypocalymma sp. Cascade (R.Bruhn 20896),
Hypocalymma sylvestre,chittering Myrtle
Hypolepis distans = Hiya distans,Scrambling Ground-fern
Indigofera efoliata,
Irenepharsus trypherus,"Delicate Cress, Illawarra Irene"
Isoglossa eranthemoides,Isoglossa
Isopogon uncinatus,"Albany Cone Bush, Hook-leaf Isopogon"
Jacksonia pungens,Pungent Jacksonia
Jacksonia quairading,"Quairading Jacksonia, Quairading Stinkwood"
Jacksonia velveta,Collie Jacksonia
Kennedia lateritia,Augusta Kennedia
Lachnagrostis adamsonii,"Adamson's Blown-grass, Adamson's Blowngrass"
Lachnagrostis limitanea,"Spalding Blown Grass, Spalding Blowngrass"
Lambertia echinata subsp. echinata,Prickly Honeysuckle
Lambertia echinata subsp. occidentalis,Western Prickly Honeysuckle
Lambertia orbifolia,Roundleaf Honeysuckle
Lasiopetalum pterocarpum,Wing-fruited Lasiopetalum
Lasiopetalum rotundifolium,Round-leaf Lasiopetalum
Lastreopsis calantha,"Shield-fern, Shieldfern"
Lechenaultia laricina,Scarlet Leschenaultia
Leionema equestre,Kangaroo Island Phebalium
Leionema lachnaeoides,
Lepidium hyssopifolium,"Basalt Pepper-cress, Peppercress, Rubble Pepper-cress, Pepperweed"
Lepidium monoplocoides,Winged Pepper-cress
Lepidium peregrinum,Wandering Pepper-cress
Lepidosperma rostratum,Beaked Lepidosperma
Leucochrysum albicans subsp. tricolor,"Hoary Sunray, Grassland Paper-daisy"
Leucopogon confertus,Torrington Beard-heath
Leucopogon marginatus,Thick-margined Leucopogon
Leucopogon nitidus,
Leucopogon obtectus,Hidden Beard-heath
Leucopogon sp. Coolmunda (D.Halford Q1635) = Styphelia sp. Coolmunda (D.Halford Q1635),
Livistona mariae subsp. mariae,"Central Australian Cabbage Palm, Red Cabbage Palm"
Lychnothamnus barbatus,a green alga
Macadamia jansenii,"Bulberin Nut, Bulburin Nut Tree"
Macarthuria keigheryi,Keighery's Macarthuria
Macrozamia cranei,
Macrozamia johnsonii,
Macrozamia lomandroides,cycad
Macrozamia pauli-guilielmi,Pineapple Zamia
Macrozamia platyrhachis,cycad
Marattia salicina = Ptisana salicina,"King Fern, Para, Potato Fern"
Marianthus paralius,
Melaleuca sciotostyla,Wongan Melaleuca
Melaleuca sp. Wanneroo (G.J. Keighery 16705),
Melichrus gibberagee,Narrow-leaf Melichrus
Melichrus sp. Newfoundland State Forest (P.Gilmour 7852),Hairy Melichrus
Microcarpaea agonis,
Micromyrtus grandis,
Microtis angusii,Angus's Onion Orchid
Monotoca rotundifolia,Trailing Monotoca
Muehlenbeckia australis,"Shrubby Creeper, Pohuehue"
Muehlenbeckia tuggeranong,Tuggeranong Lignum
Myriophyllum lapidicola,Chiddarcooping Myriophyllum
Myrsine richmondensis,"Purple-leaf Muttonwood, Lismore Muttonwood"
Ochrosia moorei,Southern Ochrosia
Olearia arckaringensis,Arckaringa Daisy
Olearia flocktoniae,Dorrigo Daisy-bush
Olearia hygrophila,"Swamp Daisy, Water Daisy"
Olearia microdisca,Small-flowered Daisy-bush
Olearia rugosa subsp. distalilobata,
Ornduffia calthifolia,Mountain Villarsia
Pandanus spiralis var. flammeus,Edgar Range Pandanus
Paracaleana dixonii = Caleana dixonii,Sandplain Duck Orchid
Parsonsia dorrigoensis,Milky Silkpod
Patersonia spirifolia,Spiral-leaved Patersonia
Pelargonium sp. Striatellum (G.W.Carr 10345),Omeo Stork's-bill
Pennantia endlicheri,Pennantia
Persoonia bargoensis,Bargo Geebung
Persoonia hirsuta,"Hairy Geebung, Hairy Persoonia"
Persoonia mollis subsp. maxima,
Persoonia nutans,Nodding Geebung
Persoonia oxycoccoides,
Petrophile latericola,Laterite Petrophile
Phaius australis,Lesser Swamp-orchid
Phaius bernaysii,Yellow Swamp-orchid
Phalaenopsis amabilis subsp. rosenstromii = Phalaenopsis rosenstromii,Native Moth Orchid
Phebalium distans,Mt Berryman Phebalium
Pherosphaera fitzgeraldii,Dwarf Mountain Pine
Philotheca basistyla,White-flowered Philotheca
Philotheca freyciana,Freycinet Waxflower
Philotheca wonganensis,Wongan Eriostemon
Phlegmariurus carinatus,Keeled Tassel-fern
Phlegmariurus dalhousieanus,BlueTassel-fern
Phlegmariurus filiformis,Rat's Tail Tassel-fern
Phreatia paleata = Eria paleata,an orchid
Pimelea axiflora subsp. pubescens,Bungonia Rice-flower
Pimelea spicata,Spiked Rice-flower
Pimelea venosa,
Pityrodia scabra subsp. scabra,
Pityrodia sp. Marble Bar (G.Woodman & D.Coultas GWDC Opp 4) = Quoya zonalis,
Planchonella costata,
Planchonella eerwah,"Shiny-leaved Condoo, Black Plum, Wild Apple"
Plectranthus habrophyllus = Coleus habrophyllus,
Plectranthus nitidus = Coleus nitidus,"Nightcap Plectranthus, Silver Plectranthus"
Plectranthus omissus = Coleus omissus,
Plectranthus torrenticola = Coleus torrenticola,
Plesioneuron tuberculatum,
Polyphlebium endlicherianum,Middle Filmy Fern
Polystichum moorei,Rock Shield Fern
Pomaderris cocoparrana,
Pomaderris cotoneaster,Cotoneaster Pomaderris
Pomaderris gilmourii var. gilmourii,
Prasophyllum affine,"Jervis Bay Leek Orchid, Culburra Leek-orchid, Kinghorn Point Leek-orchid"
Prasophyllum amoenum,Dainty Leek-orchid
Prasophyllum apoxychilum,Tapered Leek-orchid
Prasophyllum correctum,Gaping Leek-orchid
Prasophyllum crebriflorum,Crowded Leek-Orchid
Prasophyllum diversiflorum,Gorae Leek-orchid
Prasophyllum frenchii,"Maroon Leek-orchid, Slaty Leek-orchid, Stout Leek-orchid, French's Leek-orchid, Swamp Leek-orchid"
Prasophyllum goldsackii,Goldsack's Leek-orchid
Prasophyllum petilum,Tarengo Leek Orchid
Prasophyllum pruinosum,Plum Leek-orchid
Prasophyllum secutum,Northern Leek-orchid
Prasophyllum suaveolens,Fragrant Leek-orchid
Prasophyllum subbisectum,Pomonal Leek-orchid
Prasophyllum tunbridgense,Tunbridge Leek-orchid
Prostanthera askania,"Tranquillity Mintbush, Tranquility Mintbush"
Prostanthera eurybioides,Monarto Mintbush
Prostanthera junonis,Somersby Mintbush
Pteris kingiana,King's Brakefern
Pteris zahlbruckneriana,Netted Brakefern
Pterostylis X aenigma,Enigmatic Greenhood
Pterostylis basaltica,Basalt Greenhood
Pterostylis despectans,Lowly Greenhood
Pterostylis gibbosa,"Illawarra Greenhood, Rufa Greenhood, Pouched Greenhood"
Pterostylis lepida,Halbury Greenhood
Pterostylis rubenachii,Arthur River Greenhood
Pterostylis saxicola,Sydney Plains Greenhood
Pterostylis sinuata,"Northampton Midget Greenhood, Western Swan Greenhood"
Pterostylis sp. Botany Bay (A.Bishop J221/1-13),"Botany Bay Bearded Greenhood, Botany Bay Bearded Orchid"
Pterostylis sp. Hale (R.Bates 21725),Hale Dwarf Greenhood
Pultenaea baeuerlenii,Budawangs Bush-pea
Pultenaea elusa,Elusive Bush-pea
Pultenaea trichophylla,Tufted Bush-pea
Randia moorei,Spiny Gardenia
Ranunculus prasinus,"Midlands Buttercup, Tunbridge Buttercup"
Rhizanthella slateri,Eastern Underground Orchid
Ricinocarpos brevis,
Ricinocarpos trichophorus,Barrens Wedding Bush
Roycea pycnophylloides,Saltmat
Rutidosis leptorhynchoides,Button Wrinklewort
Sagina diemensis,Tasmanian Pearlwort
Samadera sp. Moonee Creek (J.King s.n. Nov. 1949),
Sankowskya stipularis,
Schoenia filifolia subsp. subulifolia,Mingenew Everlasting
Sclerolaena napiformis,Turnip Copperburr
Senecio behrianus,"Stiff Groundsel, Behr's Groundsel"
Senecio evansianus,a daisy
Solanum dissectum,
Solanum graniticum,Granite Nightshade
Solanum johnsonianum,
Solanum sulphureum,
Sphenotoma drummondii,Mountain Paper-heath
Spirogardnera rubescens,Spiral Bush
Sporobolus pamelae,a grass
Spyridium furculentum,Forked Spyridium
Spyridium lawrencei,Small-leaf Spyridium
Stonesiella selaginoides,Clubmoss Bush-pea
Streblus pendulinus,"Siah's Backbone, Sia's Backbone, Isaac Wood"
Stylidium asymmetricum,Asymmetric Triggerplant
Stylidium coroniforme subsp. amblyphyllum,
Stylidium coroniforme subsp. coroniforme,"Wongan Hills Triggerplant, Wongan Triggerplant"
Stylidium ensatum,a triggerplant
Styphelia perileuca,
Swainsona recta,"Small Purple-pea, Mountain Swainson-pea, Small Purple Pea"
Symonanthus bancroftii,Bancrofts Symonanthus
Synaphea quartzitica,Quartz-loving Synaphea
Synaphea sp. Pinjarra Plain (A.S.George 17182),
Synaphea stenoloba,Dwellingup Synaphea
Tarennoidea wallichii,
Tectaria devexa,Cave Fern
Tetratheca deltoidea,Granite Tetratheca
Tetratheca paynterae,Paynter's Tetratheca
Thelymitra dedmaniarum,Cinnamon Sun Orchid
Thelymitra epipactoides,Metallic Sun-orchid
Thelymitra jonesii,Sky-blue Sun-orchid
Thelymitra stellata,Star Sun-orchid
Thomasia sp. Green Hill (S.Paust 1322),Green Hill Thomasia
Toechima pterocarpum,
Toechima sp. East Alligator (J.Russell-Smith 8418),a tree
Trachymene scapigera,Mountain Trachymene
Triplarina imbricata,
Triplarina nowraensis,Nowra Heath-myrtle
Trithuria occidentalis,Swan Hydatella
Triunia robusta,Glossy Spice Bush
Tylophora linearis = Vincetoxicum forsteri,
Tylophora rupicola = Vincetoxicum rupicola,
Tylophora woollsii = Vincetoxicum woollsii,
Typhonium jonesii,a herb
Typhonium mirabile,a herb
Typhonium taylori = Typhonium taylorii,a herb
Uromyrtus australis,Peach Myrtle
Vappodes lithocola,"Dwarf Butterfly Orchid, Cooktown Orchid"
Veronica lithophila,
Veronica parnkalliana,Port Lincoln Speedwell
Verticordia albida,White Featherflower
Verticordia densiflora var. pedunculata,Long-stalked Featherflower
Verticordia fimbrilepis subsp. fimbrilepis,Shy Featherflower
Verticordia hughanii,Hughan's Featherflower
Verticordia pityrhops,"Little Pine Verticordia, Pine-like Featherflower"
Verticordia plumosa var. ananeotes,Tufted Plumed Featherflower
Verticordia plumosa var. vassensis,Vasse Featherflower
Verticordia spicata subsp. squamosa,Scaly-leaved Featherflower
Verticordia staminosa subsp. staminosa,Wongan Featherflower
Verticordia staminosa var. cylindracea,Granite Featherflower
Viola improcera,Dwarf Violet
Vrydagzynea grayi,Tonsil Orchid
Westringia crassifolia,Whipstick Westringia
Westringia kydrensis,
Wurmbea calcicola,Naturaliste Nancy
Wurmbea tubulosa,Long-flowered Nancy
Xanthorrhoea bracteata,Shiny Grasstree
Xanthostemon formosus,
Xerothamnella herbacea,
Xylopia monosperma,a shrub
Xylosma parvifolia,
Zehneria baueriana,"Native Cucumber, Giant Cucumber"
Zieria baeuerlenii,"Bomaderry Zieria, Bomaderry Creek Zieria"
Zieria bifida,
Zieria covenyi,Coveny's Zieria
Zieria floydii,
Zieria formosa,Shapely Zieria
Zieria granulata,"Hill Zieria, Hilly Zieria, Illawarra Zieria"
Zieria ingramii,"Ingram's Zieria, Keith's Zieria"
Zieria lasiocaulis,Willi Willi Zieria
Zieria obcordata,Granite Zieria
Zieria prostrata,Headland Zieria
Flora that are Vulnerable (579 EPBC species),
"Genus, species (subspecies, population)",Common Name
Acacia ammophila,
Acacia anomala,"Grass Wattle, Chittering Grass Wattle"
Acacia aphylla,Leafless Rock Wattle
Acacia araneosa,"Spidery Wattle, Balcanoona Wattle"
Acacia attenuata,
Acacia awestoniana,Stirling Range Wattle
Acacia axillaris,"Midlands Mimosa, Midlands Wattle"
Acacia bynoeana,"Bynoe's Wattle, Tiny Wattle"
Acacia caerulescens,"Limestone Blue Wattle, Buchan Blue, Buchan Blue Wattle"
Acacia carneorum,"Needle Wattle, Dead Finish, Purple-wood Wattle"
Acacia courtii,"Three Brothers Wattle, Brother Wattle, Northern Brother Wattle"
Acacia crombiei,Pink Gidgee
Acacia curranii,Curly-bark Wattle
Acacia denticulosa,Sandpaper Wattle
Acacia depressa,Echidna Wattle
Acacia deuteroneura,
Acacia eremophiloides,
Acacia flocktoniae,Flockton Wattle
Acacia forrestiana,Forest's Wattle
Acacia georgensis,Bega Wattle
Acacia glandulicarpa,Hairy-pod Wattle
Acacia grandifolia,
Acacia handonis,"Hando's Wattle, Percy Grant Wattle"
Acacia latzii,Latz's Wattle
Acacia lauta,Tara Wattle
Acacia macnuttiana,McNutt's Wattle
Acacia menzelii,Menzel's Wattle
Acacia peuce,"Waddy, Waddi, Waddy-wood, Birdsville Wattle"
Acacia phasmoides,Phantom Wattle
Acacia pickardii,Birds Nest Wattle
Acacia praemorsa,Senna Wattle
Acacia praetermissa,a shrub
Acacia pubescens,"Downy Wattle, Hairy Stemmed Wattle"
Acacia pubifolia,Velvet Wattle
Acacia pycnostachya,Bolivia Wattle
Acacia rhetinocarpa,"Neat Wattle, Resin Wattle (SA)"
Acacia undoolyana,"Undoolya Wattle, Sickle-leaf Wattle"
Acriopsis emarginata,Pale Chandelier Orchid
Acrophyllum australe,
Actephila foetida,
Actinotus schwarzii,Desert Flannel-flower
Adenanthos ellipticus,Oval-leaf Adenanthos
Adenanthos pungens subsp. pungens,Spiky Adenanthos
Allocasuarina fibrosa,Woolly Sheoak
Allocasuarina simulans,Nabiac Casuarina
Allocasuarina tortiramula,Twisted Sheoak
Alloxylon flammeum,"Red Silky Oak, Queensland Waratah, Tree Waratah"
Ammobium craspedioides,Yass Daisy
Amphibromus fluitans,"River Swamp Wallaby-grass, Floating Swamp Wallaby-grass"
Andersonia pinaster,Two Peoples Bay Andersonia
Androcalva procumbens,
Angophora inopina,Charmhaven Apple
Angophora robur,Sandstone Rough-barked Apple
Anigozanthos viridis subsp. terraspectans,Dwarf Green Kangaroo Paw
Anthocercis gracilis,Slender Tailflower
Apatophyllum olsenii,
Apium prostratum subsp. Porongurup Range (G.J.Keighery 8631),"Fine-leaved Apium, Porongurup Celery"
Archidendron lovelliae,"Bacon Wood, Tulip Siris"
Argyrotegium nitidulum,Shining Cudweed
Aristida annua,
Arthraxon hispidus,Hairy-joint Grass
Asperula asthenes,Trailing Woodruff
Asplenium hookerianum,Maidenhair Spleenwort
Asplenium pellucidum,
Asplenium wildii = Hymenasplenium wildii,
Astelia australiana,Tall Astelia
Asterolasia nivea,Bindoon Starbush
Asterolasia phebalioides,Downy Star-bush
Astrotricha crassifolia,Thick-leaf Star-hair
Atriplex infrequens,
Austrostipa metatoris,
Baloghia marmorata,"Marbled Balogia, Jointed Baloghia"
Baloskion longipes,Dense Cord-rush
Banksia catoglypta,
Banksia goodii,Good's Banksia
Banksia serratuloides subsp. serratuloides,Southern Serrate Dryandra
Banksia sphaerocarpa var. dolichostyla,"Ironcaps Banksia, Ironcap Banksia"
Banksia squarrosa subsp. argillacea,Whicher Range Dryandra
Banksia verticillata,"Granite Banksia, Albany Banksia, River Banksia"
Bertya calycina,a shrub
Bertya ernestiana,Mt Ernest Bertya
Bertya opponens,
Bertya pinifolia,a shrub
Beyeria subtecta,Kangaroo Island Turpentine Bush
Boronia adamsiana,Barbalin Boronia
Boronia deanei,Deane's Boronia
Boronia galbraithiae,"Aniseed Boronia, Galbraith's Boronia"
Boronia gunnii,"Gunn's Boronia, Cataract Gorge Boronia"
Boronia hemichiton,Mt Arthur Boronia
Boronia hippopala,Velvet Boronia
Boronia keysii,Key's Boronia
Boronia quadrilata,a shrub
Boronia umbellata,Orara Boronia
Boronia viridiflora,a shrub
Bosistoa transversa,"Three-leaved Bosistoa, Yellow Satinheart"
Bossiaea oligosperma,
Bothriochloa bunyensis,Satin-top Grass
Brachyscome muelleroides,Mueller Daisy
Brachyscome papillosa,Mossgiel Daisy
Breynia macrantha,
Budawangia gnidioides = Epacris gnidioides,Budawangs Cliff-heath
Bulbophyllum globuliforme,"Miniature Moss-orchid, Hoop Pine Orchid"
Bulbophyllum gracillimum,Wispy Umbrella Orchid
Bulbophyllum longiflorum,Pale Umbrella Orchid
Cadellia pentastylis,Ooline
Caladenia brumalis,Winter Spider-orchid
Caladenia bryceana subsp. cracens,Northern Dwarf Spider-orchid
Caladenia calcicola,Limestone Spider-orchid
Caladenia caudata,Tailed Spider-orchid
Caladenia christineae,Christine's Spider Orchid
Caladenia concolor,"Crimson Spider-orchid, Maroon Spider-orchid"
Caladenia formosa,"Elegant Spider-orchid, Blood-red Spider-orchid"
Caladenia harringtoniae,"Harrington's Spider-orchid, Pink Spider-orchid"
Caladenia insularis,French Island Spider-orchid
Caladenia ornata,Ornate Pink Fingers
Caladenia ovata,Kangaroo Island Spider-orchid
Caladenia tessellata,"Thick-lipped Spider-orchid, Daddy Long-legs"
Caladenia versicolor,Candy Spider-orchid
Caladenia wanosa,Kalbarri Spider-orchid
Caladenia woolcockiorum,Woolcock's Spider-orchid
Calectasia pignattiana,Stilted Tinsel Lily
Callistemon forresterae,Forrester's Bottlebrush
Callistemon kenmorrisonii,Betka Bottlebrush
Callistemon pungens,
Callitris oblonga,"Pygmy Cypress-pine, Pigmy Cypress-pine, Dwarf Cypress-pine"
Calophyllum bicolor,
Calotis glandulosa,Mauve Burr-daisy
Calytrix gurulmundensis,
Canarium acutifolium,
Capparis thozetiana,
Cassinia rugata,"Wrinkled Cassinia, Wrinkled Dollybush"
Cepobaculum carronii = Dendrobium carronii,an orchid
Chamelaucium sp. Cataby (G.J.Keighery 11009),Griffin's Waxflower
Chamelaucium sp. S coastal plain (R.D.Royce 4872),Royce's Waxflower
Cheiranthera volubilis,Twining Finger-flower
Clematis fawcettii,Stream Clematis
Codonocarpus pyramidalis,"Slender Bell-fruit, Camel Poison"
Colobanthus curtisiae,Curtis' Colobanth
Comesperma oblongatum,Byfield Matchstick
Conospermum hookeri,Variable Smoke-bush
Conospermum undulatum,Wavy-leaved Smokebush
Conostylis rogeri,"Kulin Conostylis, Single-flowered Conostylis"
Coopernookia scabridiuscula,
Cordyline obtecta,Ti
Correa baeuerlenii,Chef's Cap
Correa calycina,Hindmarsh Correa
Corybas dentatus,"Toothed Helmet-orchid, Finniss Helmet-orchid"
Corybas montanus,Small Helmet-orchid
Corymbia clandestina,
Corymbia leptoloma,Yellowjacket
Corymbia rhodops,
Corymbia xanthope,Glen Geddes Bloodwood
Corynocarpus rupestris subsp. rupestris,Glenugie Karaka
Cryptocarya foetida,"Stinking Cryptocarya, Stinking Laurel"
Cryptostylis hunteriana,Leafless Tongue-orchid
Ctenopterella blechnoides,
Cupaniopsis shirleyana,Wedge-leaf Tuckeroo
Cupaniopsis tomentella,Boonah Tuckeroo
Cycas cairnsiana,a cycad
Cycas platyphylla,a cycad
Cycas silvestris,
Cyclophyllum costatum,a shrub
Cyperus semifertilis,
Darwinia biflora,
Darwinia masonii,Mason's Darwinia
Darwinia meeboldii,Cranbrook Bell
Darwinia nubigena,"Success Bell, Red Mountain Bell"
Darwinia squarrosa,"Fringed Mountain Bell, Pink Mountain Bell"
Daviesia discolor,
Daviesia elongata subsp. elongata,Long-leaved Daviesia
Daviesia laevis,Grampians Bitter-pea
Dendrobium bigibbum,Cooktown Orchid
Dendrobium johannis,Chocolate Tea Tree Orchid
Denhamia parvifolia,Small-leaved Denhamia
Desmodium acanthocladum = Pedleya acanthoclada,Thorny Pea
Deyeuxia pungens,Narrow-leaf Bent-grass
Dichanthium setosum,bluegrass
Diplazium cordifolium,
Dischidia litoralis,
Diuris drummondii,Tall Donkey Orchid
Diuris micrantha,Dwarf Bee-orchid
Diuris ochroma,Pale Golden Moths
Diuris praecox,Newcastle Doubletail
Diuris venosa,"Veined Doubletail, Goat Orchid, Veined Donkey-orchid"
Dodonaea procumbens,Trailing Hop-bush
Dodonaea rupicola,Velvet Hopbush
Drakaea concolor,Kneeling Hammer-orchid
Drakaea micrantha,Dwarf Hammer-orchid
Drosera prolifera,
Drosera schizandra,
Drummondita longifolia,Peak Charles Drummondita
Dysoxylum bijugum,"Sharkwood, a tree"
Eleocharis keigheryi,Keighery's Eleocharis
Eleocharis obicis,a spike rush
Eleocharis papillosa,Dwarf Desert Spike-rush
Eleocharis retroflexa,a sedge
Endiandra hayesii,"Rusty Rose Walnut, Velvet Laurel"
Epacris sparsa,
Epilobium brunnescens subsp. beaugleholei,Bog Willow-herb
Eremophila denticulata subsp. denticulata,Fitzgerald Eremophila
Eremophila prostrata,Rainbow Valley Fuchsia Bush
Eremophila vernicosa,Resinous Poverty Bush
Erythroxylum sp. Cholmondely Creek (J.R.Clarkson 9367) (Northern Territory Population),
Eucalyptus aggregata,Black Gum
Eucalyptus alligatrix subsp. miscella,a stringybark
Eucalyptus aquatica,"Mountain Swamp Gum, Broad-leaved Sallee, Broad-leaved Sally"
Eucalyptus argophloia,"Queensland White Gum, Queensland Western White Gum, Lapunyah, Scrub Gum, White Gum"
Eucalyptus argutifolia,"Yanchep Mallee, Wabling Hill Mallee"
Eucalyptus articulata,Ponton Creek Mallee
Eucalyptus beaniana,Bean's Ironbark
Eucalyptus beardiana,Beard's Mallee
Eucalyptus benthamii,"Camden White Gum, Nepean River Gum"
Eucalyptus cadens,Warby Range Swamp Gum
Eucalyptus caleyi subsp. ovendenii,Ovenden's Ironbark
Eucalyptus camfieldii,Camfield's Stringybark
Eucalyptus ceracea,Seppelt Range Gum
Eucalyptus coronata,Crowned Mallee
Eucalyptus crispata,Yandanooka Mallee
Eucalyptus crucis subsp. crucis,Silver Mallee
Eucalyptus glaucina,Slaty Red Gum
Eucalyptus hallii,Goodwood Gum
Eucalyptus infera,Durikai Mallee
Eucalyptus johnsoniana,Johnson's Mallee
Eucalyptus kabiana,Mount Beerwah Mallee
Eucalyptus kartzoffiana,Araluen Gum
Eucalyptus langleyi,"Albatross Mallee, Green Mallee Ash"
Eucalyptus lateritica,Laterite Mallee
Eucalyptus mckieana,McKie's Stringybark
Eucalyptus merrickiae,Goblet Mallee
Eucalyptus mooreana,"Mountain White Gum, King Leopold Range Mallee, Moore's Gum"
Eucalyptus nicholii,"Narrow-leaved Peppermint, Narrow-leaved Black Peppermint"
Eucalyptus paedoglauca,Mt Stuart Ironbark
Eucalyptus parramattensis subsp. decadens,"Earp's Gum, Earp's Dirty Gum"
Eucalyptus parvula,Small-leaved Gum
Eucalyptus platydisca,Jimberlana Mallee
Eucalyptus pulverulenta,"Silver-leaved Mountain Gum, Silver-leaved Gum"
Eucalyptus pumila,Pokolbin Mallee
Eucalyptus raveretiana,Black Ironbox
Eucalyptus rhodantha,Rose Mallee
Eucalyptus robertsonii subsp. hemisphaerica,Robertson's Peppermint
Eucalyptus rubida subsp. barbigerorum,Blackbutt Candlebark
Eucalyptus scoparia,"Wallangarra White Gum, Willow Gum"
Eucalyptus steedmanii,Steedmans Gum
Eucalyptus strzeleckii,Strzelecki Gum
Eucalyptus suberea,"Cork Mallee, Mount Lesueur Mallee"
Eucalyptus synandra,Jingymia Mallee
Eucalyptus tetrapleura,Square-fruited Ironbark
Eucalyptus virens,
Eucryphia wilkiei,
Euphorbia carissoides,
Euphorbia obliqua,a herb
Euphrasia amphisysepala,Shiny Cliff Eyebright
Euphrasia bella,"Lamington Eyebright, Mt. Merino Eyebright"
Euphrasia bowdeniae,
Euphrasia crassiuscula subsp. glandulifera,Thick Eyebright
Euphrasia eichleri,Bogong Eyebright
Euphrasia phragmostoma,"Bufton's Eyebright, Hairy Cliff Eyebright"
Floydia praealta,"Ball Nut, Possum Nut, Big Nut, Beefwood"
Fontainea australis,Southern Fontainea
Fontainea rostrata,
Fontainea venosa,
Gardenia psidioides,Hann Gardenia
Gastrolobium appressum,Scale-leaf Poison
Gastrolobium lehmannii,Cranbrook Pea
Gastrolobium modestum,Broad-leaved Gastrolobium
Genoplesium vernale = Corunastylis vernalis,East Lynne Midge-orchid
Germainia capitata,
Glycine latrobeana,"Clover Glycine, Purple Clover"
Goodenia integerrima,Gypsum Goodenia
Goodenia quadrifida,
Graptophyllum ilicifolium,"Holly-leaved Graptophyllum, Mt Blackwood Holly"
Grevillea banyabba,
Grevillea bedggoodiana,Enfield Grevillea
Grevillea brachystylis subsp. australis,
Grevillea celata,"Colquhoun Grevillea, Nowa Nowa Grevillea"
Grevillea elongata,Ironstone Grevillea
Grevillea evansiana,
Grevillea flexuosa,Zig Zag Grevillea
Grevillea floripendula,"Drooping Grevillea, Ben Major Grevillea"
Grevillea glossadenia,
Grevillea infecunda,Anglesea Grevillea
Grevillea kennedyana,Flame Spider-flower
Grevillea montis-cole subsp. brevistyla,Langi Ghiran Grevillea
Grevillea parviflora subsp. parviflora,Small-flower Grevillea
Grevillea quadricauda,
Grevillea raybrownii,
Grevillea rhizomatosa,
Grevillea shiressii,
Grevillea treueriana,"Mt Finke Grevillea, Scarlet Grevillea"
Hakea aculeata,Column Hakea
Hakea archaeoides,
Hakea fraseri,"Gnarled Corkbark, Fraser's Hakea"
Hakea maconochieana,
Hakea megalosperma,Lesueur Hakea
Hakea trineura,Three-veined Hakea
Haloragis exalata subsp. exalata,"Wingless Raspwort, Square Raspwort"
Haloragis exalata subsp. velutina,Tall Velvet Sea-berry
Helichrysum calvertianum,
Hensmania chapmanii,Chapman's Hensmania
Hexaspora pubescens,
Hibbertia crispula,Ooldea Guinea-flower
Hibbertia humifusa subsp. debilis,Dergholm Guinea-flower
Hibbertia humifusa subsp. erigens,Euroa Guinea-flower
Hibbertia marginata,
Hibiscus brennanii,a shrub
Hibiscus cravenii,
Hicksbeachia pinnatifolia,"Monkey Nut, Bopple Nut, Red Bopple, Red Bopple Nut, Red Nut, Beef Nut, Red Apple Nut, Red Boppel Nut, Ivory Silky Oak"
Homopholis belsonii,Belson's Panic
Homoranthus darwinioides,
Homoranthus floydii,
Homoranthus lunatus,
Homoranthus montanus,
Homoranthus porteri,
Homoranthus prolixus,
Hoya australis subsp. oramicola,a vine
Hydriastele costata,a palm
Hypocalymma longifolium,Long-leaved Myrtle
Hypolepis dicksonioides,"Downy Ground-fern, Brake Fern, Ground Fern"
Ileostylus micranthus,Mistletoe
Isopogon fletcheri,Fletcher's Drumsticks
Ixodia achillaeoides subsp. arenicola,"Sand Ixodia, Ixodia"
Kardomia granitica,a shrub
Kelleria bogongensis,Kelleria
Kennedia glabrata,Northcliffe Kennedia
Kennedia retrorsa,
Kunzea cambagei,
Kunzea ericifolia subsp. subulata,
Kunzea rupestris,
Lasiopetalum joyceae,
Lasiopetalum longistamineum,
Lastreopsis walleri,a fern
Lawrencia buchananensis,
Lechenaultia chlorantha,Kalbarri Leschenaultia
Leiocarpa gatesii,Wrinkled Buttons
Leionema obtusifolium,
Leionema ralstonii,
Leionema sympetalum,Rylstone Bell
Lepidium aschersonii,Spiny Peppercress
Lepidium ginninderrense,Ginninderra Peppercress
Lepidium pseudopapillosum,Erect Pepper-cress
Leptomeria dielsiana,Diels' Currant Bush
Leptospermum deanei,Deane's Tea-tree
Leptospermum thompsonii,Monga Tea-tree
Leucopogon exolasius,Woronora Beard-heath
Leucopogon sp. Ongerup (A.S.George 16682) = Styphelia disjuncta,
Limonium australe var. baudinii,Baudin's Sea-lavender
Limosella granitica,Granite Mudwort
Lindsaea pulchella var. blanda,
Livistona lanuginosa,Waxy Cabbage Palm
Lobelia gelida,
Logania diffusa,
Logania insularis,Kangaroo Island Logania
Macadamia integrifolia,"Macadamia Nut, Queensland Nut Tree, Smooth-shelled Macadamia, Bush Nut, Nut Oak"
Macadamia ternifolia,"Small-fruited Queensland Nut, Gympie Nut"
Macadamia tetraphylla,"Rough-shelled Bush Nut, Macadamia Nut, Rough-shelled Macadamia, Rough-leaved Queensland Nut"
Macropteranthes montana,
Macrozamia conferta,
Macrozamia macdonnellii,MacDonnell Ranges Cycad
Macrozamia machinii,
Macrozamia occidua,
Macrozamia parcifolia,
Maireana cheelii,Chariot Wheels
Marsdenia brevifolia = Leichhardtia brevifolia,
Marsdenia longiloba = Leichhardtia longiloba,Clear Milkvine
Marsdenia paludicola = Leichhardtia paludicola,
Medicosma elliptica,
Medicosma obovata,
Melaleuca biconvexa,Biconvex Paperbark
Melaleuca deanei,Deane's Melaleuca
Melaleuca kunzeoides,
Melicope littoralis,Shade Tree
Melicytus ramiflorus subsp. oblongifolius,"Whiteywood, a tree"
Meryta angustifolia,Narrow-leaved Meryta
Microcorys eremophiloides,Wongan Microcorys
Microlepidium alatum,
Micromyrtus blakelyi,
Micromyrtus minutiflora,
Microtis globula,South-Coast Mignonette Orchid
Minuria tridens,Minnie Daisy
Mitrella tiwiensis,a vine
Myoporum cordifolium,Jerramungup Myoporum
Myriophyllum coronatum,
Myriophyllum porcatum,Ridged Water-milfoil
Myrmecodia beccarii,Ant Plant
Myrsine ralstoniae,Beech
Neisosperma kilneri,
Nematolepis rhytidophylla,
Nematolepis squamea subsp. coriacea,Harsh Nematolepis
Nematolepis wilsonii,Shiny Nematolepis
Neoastelia spectabilis,
Neoroepera buxifolia,
Newcastelia velutina,
Notelaea lloydii,Lloyd's Olive
Olax angulata,Minnie Waters Olax
Olearia astroloba,Marble Daisy-bush
Olearia cordata,
Olearia macdonnellensis,
Olearia pannosa subsp. pannosa,"Silver Daisy-bush, Silver-leaved Daisy, Velvet Daisy-bush"
Omphalea celata,
Oreogrammitis reinwardtii,
Owenia cepiodora,"Onionwood, Bog Onion, Onion Cedar"
Ozothamnus eriocephalus,
Ozothamnus reflexifolius,Reflexed Everlasting
Ozothamnus tesselatus,
Ozothamnus vagans,Wollumbin Dogwood
Parsonsia larcomensis,Mt Larcom Silk Pod
Paspalidium grandispiculatum,a grass
Persicaria elatior,"Knotweed, Tall Knotweed"
Persoonia acerosa,Needle Geebung
Persoonia glaucescens,Mittagong Geebung
Persoonia marginata,Clandulla Geebung
Persoonia mollis subsp. revoluta,
Petrophile nivea,
Phaius pictus,
Phaleria biflora,
Phebalium glandulosum subsp. eglandulosum,Rusty Desert Phebalium
Phebalium lowanense,Lowan Phebalium
Phebalium whitei,
Philotheca obovatifolia,Mountain Wax-flower
Philotheca papillata,
Phlegmariurus lockyeri,
Phlegmariurus marsupiiformis = Phlegmariurus delbrueckii,Water Tassel-fern
Phlegmariurus tetrastichoides,Square Tassel Fern
Phyllota humifusa,Dwarf Phyllota
Picris evae,Hawkweed
Pimelea curviflora var. curviflora,
Pimelea leptospermoides,
Pimelea pagophila,Grampians Rice-flower
Pittosporum bracteolatum,Oleander
Pityrodia augustensis,Mt Augustus Foxglove
Plectranthus gratus = Coleus gratus,
Plectranthus leiperi = Coleus leiperi,
Pleuropappus phyllocalymmeus = Angianthus phyllocalymmeus,Silver Candles
Poa sallacustris,Salt-lake Tussock-grass
Polianthion minutiflorum,
Polyscias bellendenkerensis,
Pomaderris brunnea,"Rufous Pomaderris, Brown Pomaderris"
Pomaderris clivicola,
Pomaderris halmaturina subsp. halmaturina,Kangaroo Island Pomaderris
Pomaderris pallida,Pale Pomaderris
Pomaderris parrisiae,Parris' Pomaderris
Pomaderris pilifera subsp. talpicutica,Moleskin Dogwood
Pomaderris sericea,Bent Pomaderris
Pomaderris subplicata,Concave Pomaderris
Poranthera petalifera,Mountain Poranthera
Prasophyllum colemaniae = Prasophyllum colemaniarum,Lilac Leek-orchid
Prasophyllum fuscum,"Tawny Leek-orchid, Slaty Leek-orchid"
Prasophyllum morganii,"Mignonette Leek-orchid, Cobungra Leek-orchid, Dense Leek-orchid"
Prasophyllum pallidum,Pale Leek-orchid
Prasophyllum spicatum,Dense Leek-orchid
Prasophyllum validum,"Sturdy Leek-orchid, Mount Remarkable Leek-orchid"
Prasophyllum wallum,Wallum Leek-orchid
Prostanthera calycina,"West Coast Mintbush, Limestone Mintbush, Red Mintbush"
Prostanthera cineolifera,
Prostanthera cryptandroides subsp. cryptandroides,Wollemi Mint-bush
Prostanthera densa,Villous Mintbush
Prostanthera discolor,
Prostanthera galbraithiae,Wellington Mintbush
Prostanthera nudula,Mount Illbilie Mintbush
Prostanthera schultzii,
Prostanthera sp. Dunmore (D.M.Gordon 8A),
Prostanthera spathulata,
Prostanthera stricta,Mount Vincent Mintbush
Pseudocephalozia paludicola,Alpine Leafy Liverwort
Pterostylis arenicola,Sandhill Greenhood Orchid
Pterostylis bicornis,
Pterostylis cheraphila,Floodplain Rustyhood
Pterostylis chlorogramma,Green-striped Greenhood
Pterostylis cucullata,Leafy Greenhood
Pterostylis mirabilis,Nodding Rufoushood
Pterostylis pratensis,Liawenee Greenhood
Pterostylis pulchella,Pretty Greenhood
Pterostylis tenuissima,"Swamp Greenhood, Dainty Swamp Orchid"
Pterostylis xerophila,Desert Greenhood
Pterostylis ziegeleri,"Grassland Greenhood, Cape Portland Greenhood"
Ptilotus beckerianus,Ironstone Mulla Mulla
Ptychosema pusillum,Dwarf Pea
Pultenaea aristata,
Pultenaea glabra,"Smooth Bush-pea, Swamp Bush-pea"
Pultenaea parrisiae,
Pultenaea parviflora,
Pultenaea pauciflora,Narrogin Pea
Pultenaea setulosa,
Pultenaea villifera var. glabrescens,"Yellow Bush-pea, Splendid Bush-pea"
Pultenaea williamsoniana,Williamsons Bush-pea
Ranunculus anemoneus,Anemone Buttercup
Rhagodia acicularis,Wongan Rhagodia
Rhaphidospora bonneyana,
Rhaponticum australe,"Austral Cornflower, Native Thistle"
Rhinerrhizopsis matutina,
Ricinocarpos gloria-medii,Glory of the Centre
Ristantia gouldii,
Romnalda strobilacea,
Rutidosis heterogama,Heath Wrinklewort
Rutidosis leiolepis,Monaro Golden Daisy
Rytidosperma pumilum,Feldmark Grass
Samadera bidwillii,Quassia
Sannantha crenulata,Fern-leaf Baeckea
Sannantha tozerensis,a shrub
Sarcochilus fitzgeraldii,Ravine Orchid
Sarcochilus hartmannii,"Waxy Sarcochilus, Blue Knob Orchid"
Sarcochilus hirticalcar,
Sarcochilus weinthalii,"Blotched Sarcochilus, Weinthals Sarcanth"
Sclerolaena blakei,
Sclerolaena walkeri,
Selaginella andrewsii,Tallebudgera spikemoss
Senecio australis,a daisy
Senecio hooglandii,a daisy
Senecio macrocarpus,"Large-fruit Fireweed, Large-fruit Groundsel"
Senecio megaglossus,Superb Groundsel
Senecio psilocarpus,"Swamp Fireweed, Smooth-fruited Groundsel"
Solanum dunalianum,
Solanum karsense,Menindee Nightshade
Sophora fraseri,
Spyridium coactilifolium,Butterfly Spyridium
Spyridium eriocephalum var. glabrisepalum = Spyridium glabrisepalum,MacGillivray Spyridium
Spyridium obcordatum,Creeping Dusty Miller
Stachystemon nematophorus,Three-flowered Stachystemon
Stackhousia annua,"Annual Stackhousia, Annual Candles"
Stenanthemum pimeleoides,"Spreading Stenanthemum, Propellor Plant"
Stylidium galioides,Yellow Mountain Triggerplant
Swainsona murrayana,"Slender Darling-pea, Slender Swainson, Murray Swainson-pea"
Swainsona plagiotropis,"Red Darling-pea, Red Swainson-pea"
Swainsona pyrophila,Yellow Swainson-pea
Symplocos baeuerlenii,"Small-leaved Hazelwood, Shrubby Hazelwood"
Syzygium hodgkinsoniae,"Smooth-bark Rose Apple, Red Lilly Pilly"
Syzygium moorei,"Rose Apple, Coolamon, Robby, Durobby, Watermelon Tree, Coolamon Rose Apple"
Syzygium paniculatum,"Magenta Lilly Pilly, Magenta Cherry, Daguba, Scrub Cherry, Creek Lilly Pilly, Brush Cherry"
Syzygium velarum,
Taeniophyllum norfolkianum,"Minute Orchid, Ribbon-root Orchid"
Taraxacum cygnorum,"Coast Dandelion, Native Dandelion"
Tasmannia glaucifolia,Fragrant Pepperbush
Tecticornia bulbosa,Large-articled Samphire
Tecticornia flabelliformis,"Bead Glasswort, Bead Samphire"
Tephrosia leveillei,
Tetraria australiensis = Morelotia australiensis,Southern Tetraria
Tetratheca aphylla,Bungalbin Tetratheca
Tetratheca harperi,Jackson Tetratheca
Tetratheca juncea,Black-eyed Susan
Thelymitra mackibbinii,Brilliant Sun-orchid
Thelymitra matthewsii,Spiral Sun-orchid
Thelymitra psammophila,Sandplain Sun-orchid
Thesium australe,"Austral Toadflax, Toadflax"
Thomasia glabripetala,Sandplain Thomasia
Thomasia montana,Hill Thomasia
Thryptomene wittweri,Mountain Thryptomene
Tmesipteris norfolkensis,Hanging Fork-fern
Tomophyllum walleri,
Tribonanthes purpurea,Granite Pink
Trichanthodium baracchianum,Dwarf Yellow-heads
Triplarina nitchaga,
Tropilis callitrophilis = Dendrobium callitrophilum,Thin Feather Orchid
Ungeria floribunda,Bastard Oak
Vanda hindsii,Cape York Vanda
Vappodes phalaenopsis,Cooktown Orchid
Velleia perfoliata,
Veronica ciliolata,Ciliolate Hebe
Verticordia carinata,Stirling Range Featherflower
Verticordia crebra,
Verticordia fimbrilepis subsp. australis,Southern Shy Featherflower
Verticordia helichrysantha,Coast Featherflower
Westringia cremnophila,Snowy River Westringia
Westringia davidii,
Westringia parvifolia,
Westringia rupicola,
Xanthorrhoea arenaria,Sand Grasstree
Xanthostemon oppositifolius,"Penda, Southern Penda, Luya's Hardwood"
Xerochrysum palustre,"Swamp Everlasting, Swamp Paper Daisy"
Xerothamnella parvifolia,
Xyris exilis,Stirling Range Xyris
Zeuxine polygonoides,Velvet Jewel Orchid
Zieria citriodora,Lemon-scented Zieria
Zieria collina,
Zieria involucrata,
Zieria murphyi,Velvet Zieria
Zieria obovata,
Zieria rimulosa,
Zieria tuberculata,Warty Zieria
Zieria verrucosa,
